Started GET "/" for ::1 at 2024-09-12 15:21:45 +0530
  
ActiveRecord::DatabaseConnectionError (There is an issue connecting to your database with your username/password, username: root.

Please check your database configuration to ensure the username/password are valid.
):

Causes:
Mysql2::Error::ConnectionError (Access denied for user 'root'@'localhost' (using password: NO))
  
activerecord (7.2.1) lib/active_record/connection_adapters/mysql2_adapter.rb:31:in `rescue in new_client'
activerecord (7.2.1) lib/active_record/connection_adapters/mysql2_adapter.rb:24:in `new_client'
activerecord (7.2.1) lib/active_record/connection_adapters/mysql2_adapter.rb:145:in `connect'
activerecord (7.2.1) lib/active_record/connection_adapters/mysql2_adapter.rb:154:in `block in reconnect'
activesupport (7.2.1) lib/active_support/concurrency/null_lock.rb:9:in `synchronize'
activerecord (7.2.1) lib/active_record/connection_adapters/mysql2_adapter.rb:151:in `reconnect'
activerecord (7.2.1) lib/active_record/connection_adapters/abstract_adapter.rb:662:in `block in reconnect!'
activesupport (7.2.1) lib/active_support/concurrency/null_lock.rb:9:in `synchronize'
activerecord (7.2.1) lib/active_record/connection_adapters/abstract_adapter.rb:661:in `reconnect!'
activerecord (7.2.1) lib/active_record/connection_adapters/abstract_adapter.rb:763:in `block in verify!'
activesupport (7.2.1) lib/active_support/concurrency/null_lock.rb:9:in `synchronize'
activerecord (7.2.1) lib/active_record/connection_adapters/abstract_adapter.rb:754:in `verify!'
activerecord (7.2.1) lib/active_record/connection_adapters/abstract_adapter.rb:771:in `connect!'
activerecord (7.2.1) lib/active_record/connection_adapters/abstract_adapter.rb:977:in `block in with_raw_connection'
activesupport (7.2.1) lib/active_support/concurrency/null_lock.rb:9:in `synchronize'
activerecord (7.2.1) lib/active_record/connection_adapters/abstract_adapter.rb:976:in `with_raw_connection'
activerecord (7.2.1) lib/active_record/connection_adapters/abstract_mysql_adapter.rb:693:in `quote_string'
activerecord (7.2.1) lib/active_record/connection_adapters/abstract/quoting.rb:76:in `quote'
activerecord (7.2.1) lib/active_record/connection_adapters/mysql/schema_statements.rb:255:in `quoted_scope'
activerecord (7.2.1) lib/active_record/connection_adapters/mysql/schema_statements.rb:237:in `data_source_sql'
activerecord (7.2.1) lib/active_record/connection_adapters/abstract/schema_statements.rb:60:in `table_exists?'
activerecord (7.2.1) lib/active_record/schema_migration.rb:54:in `block in create_table'
activerecord (7.2.1) lib/active_record/connection_adapters/abstract/connection_pool.rb:395:in `with_connection'
activerecord (7.2.1) lib/active_record/schema_migration.rb:53:in `create_table'
activerecord (7.2.1) lib/active_record/migration.rb:1434:in `initialize'
activerecord (7.2.1) lib/active_record/migration.rb:1282:in `new'
activerecord (7.2.1) lib/active_record/migration.rb:1282:in `open'
activerecord (7.2.1) lib/active_record/migration.rb:776:in `block (2 levels) in pending_migrations'
activerecord (7.2.1) lib/active_record/migration/pending_migration_connection.rb:8:in `with_temporary_pool'
activerecord (7.2.1) lib/active_record/migration.rb:775:in `block in pending_migrations'
activerecord (7.2.1) lib/active_record/migration.rb:774:in `each'
activerecord (7.2.1) lib/active_record/migration.rb:774:in `pending_migrations'
activerecord (7.2.1) lib/active_record/migration.rb:753:in `check_pending_migrations'
activerecord (7.2.1) lib/active_record/migration.rb:663:in `block (2 levels) in call'
activesupport (7.2.1) lib/active_support/file_update_checker.rb:85:in `execute'
activerecord (7.2.1) lib/active_record/migration.rb:668:in `block in call'
activerecord (7.2.1) lib/active_record/migration.rb:660:in `synchronize'
activerecord (7.2.1) lib/active_record/migration.rb:660:in `call'
actionpack (7.2.1) lib/action_dispatch/middleware/callbacks.rb:31:in `block in call'
activesupport (7.2.1) lib/active_support/callbacks.rb:101:in `run_callbacks'
actionpack (7.2.1) lib/action_dispatch/middleware/callbacks.rb:30:in `call'
actionpack (7.2.1) lib/action_dispatch/middleware/executor.rb:16:in `call'
actionpack (7.2.1) lib/action_dispatch/middleware/actionable_exceptions.rb:18:in `call'
actionpack (7.2.1) lib/action_dispatch/middleware/debug_exceptions.rb:31:in `call'
web-console (4.2.1) lib/web_console/middleware.rb:132:in `call_app'
web-console (4.2.1) lib/web_console/middleware.rb:28:in `block in call'
web-console (4.2.1) lib/web_console/middleware.rb:17:in `catch'
web-console (4.2.1) lib/web_console/middleware.rb:17:in `call'
actionpack (7.2.1) lib/action_dispatch/middleware/show_exceptions.rb:32:in `call'
railties (7.2.1) lib/rails/rack/logger.rb:41:in `call_app'
railties (7.2.1) lib/rails/rack/logger.rb:29:in `call'
sprockets-rails (3.5.2) lib/sprockets/rails/quiet_assets.rb:17:in `call'
actionpack (7.2.1) lib/action_dispatch/middleware/remote_ip.rb:96:in `call'
actionpack (7.2.1) lib/action_dispatch/middleware/request_id.rb:33:in `call'
rack (3.1.7) lib/rack/method_override.rb:28:in `call'
rack (3.1.7) lib/rack/runtime.rb:24:in `call'
activesupport (7.2.1) lib/active_support/cache/strategy/local_cache_middleware.rb:29:in `call'
actionpack (7.2.1) lib/action_dispatch/middleware/server_timing.rb:61:in `block in call'
actionpack (7.2.1) lib/action_dispatch/middleware/server_timing.rb:26:in `collect_events'
actionpack (7.2.1) lib/action_dispatch/middleware/server_timing.rb:60:in `call'
actionpack (7.2.1) lib/action_dispatch/middleware/executor.rb:16:in `call'
actionpack (7.2.1) lib/action_dispatch/middleware/static.rb:27:in `call'
rack (3.1.7) lib/rack/sendfile.rb:114:in `call'
actionpack (7.2.1) lib/action_dispatch/middleware/host_authorization.rb:143:in `call'
railties (7.2.1) lib/rails/engine.rb:535:in `call'
puma (6.4.2) lib/puma/configuration.rb:272:in `call'
puma (6.4.2) lib/puma/request.rb:100:in `block in handle_request'
puma (6.4.2) lib/puma/thread_pool.rb:378:in `with_force_shutdown'
puma (6.4.2) lib/puma/request.rb:99:in `handle_request'
puma (6.4.2) lib/puma/server.rb:464:in `process_client'
puma (6.4.2) lib/puma/server.rb:245:in `block in run'
puma (6.4.2) lib/puma/thread_pool.rb:155:in `block in spawn_thread'
Started GET "/" for ::1 at 2024-09-12 15:22:31 +0530
  [1m[36mActiveRecord::SchemaMigration Load (0.5ms)[0m  [1m[34mSELECT `schema_migrations`.`version` FROM `schema_migrations` ORDER BY `schema_migrations`.`version` ASC[0m
Processing by Rails::WelcomeController#index as HTML
  Rendering /Users/rvj/.rvm/rubies/ruby-3.2.2/lib/ruby/gems/3.2.0/gems/railties-7.2.1/lib/rails/templates/rails/welcome/index.html.erb
  Rendered /Users/rvj/.rvm/rubies/ruby-3.2.2/lib/ruby/gems/3.2.0/gems/railties-7.2.1/lib/rails/templates/rails/welcome/index.html.erb (Duration: 0.6ms | GC: 0.0ms)
Completed 200 OK in 16ms (Views: 3.6ms | ActiveRecord: 0.0ms (0 queries, 0 cached) | GC: 1.1ms)


Started GET "/" for ::1 at 2024-09-12 15:22:32 +0530
Processing by Rails::WelcomeController#index as HTML
  Rendering /Users/rvj/.rvm/rubies/ruby-3.2.2/lib/ruby/gems/3.2.0/gems/railties-7.2.1/lib/rails/templates/rails/welcome/index.html.erb
  Rendered /Users/rvj/.rvm/rubies/ruby-3.2.2/lib/ruby/gems/3.2.0/gems/railties-7.2.1/lib/rails/templates/rails/welcome/index.html.erb (Duration: 0.1ms | GC: 0.0ms)
Completed 200 OK in 1ms (Views: 0.4ms | ActiveRecord: 0.0ms (0 queries, 0 cached) | GC: 0.0ms)


Started GET "/" for ::1 at 2024-09-12 15:29:45 +0530
  [1m[36mActiveRecord::SchemaMigration Load (0.5ms)[0m  [1m[34mSELECT `schema_migrations`.`version` FROM `schema_migrations` ORDER BY `schema_migrations`.`version` ASC[0m
Processing by LandingPageController#index as HTML
  Rendering layout layouts/application.html.erb
  Rendering landing_page/index.html.erb within layouts/application
  Rendered landing_page/index.html.erb within layouts/application (Duration: 0.4ms | GC: 0.0ms)
  Rendered layout layouts/application.html.erb (Duration: 353.0ms | GC: 157.9ms)
Completed 200 OK in 454ms (Views: 358.8ms | ActiveRecord: 0.0ms (0 queries, 0 cached) | GC: 160.0ms)


Started GET "/manifest.json" for ::1 at 2024-09-12 15:29:46 +0530
Processing by Rails::PwaController#manifest as JSON
  Rendering pwa/manifest.json.erb
  Rendered pwa/manifest.json.erb (Duration: 0.4ms | GC: 0.0ms)
Completed 200 OK in 2ms (Views: 1.6ms | ActiveRecord: 0.0ms (0 queries, 0 cached) | GC: 0.0ms)


Started GET "/" for ::1 at 2024-09-12 15:33:41 +0530
Processing by LandingPageController#index as HTML
  Rendering layout layouts/application.html.erb
  Rendering landing_page/index.html.erb within layouts/application
  Rendered landing_page/index.html.erb within layouts/application (Duration: 0.1ms | GC: 0.0ms)
  Rendered layout layouts/application.html.erb (Duration: 31.7ms | GC: 4.5ms)
Completed 200 OK in 33ms (Views: 32.1ms | ActiveRecord: 0.0ms (0 queries, 0 cached) | GC: 4.5ms)


Started GET "/manifest.json" for ::1 at 2024-09-12 15:33:41 +0530
Processing by Rails::PwaController#manifest as JSON
  Rendering pwa/manifest.json.erb
  Rendered pwa/manifest.json.erb (Duration: 0.1ms | GC: 0.0ms)
Completed 200 OK in 1ms (Views: 0.4ms | ActiveRecord: 0.0ms (0 queries, 0 cached) | GC: 0.0ms)


Started GET "/" for ::1 at 2024-09-12 15:33:42 +0530
Processing by LandingPageController#index as HTML
  Rendering layout layouts/application.html.erb
  Rendering landing_page/index.html.erb within layouts/application
  Rendered landing_page/index.html.erb within layouts/application (Duration: 0.3ms | GC: 0.0ms)
  Rendered layout layouts/application.html.erb (Duration: 2.7ms | GC: 0.4ms)
Completed 200 OK in 4ms (Views: 3.0ms | ActiveRecord: 0.0ms (0 queries, 0 cached) | GC: 0.4ms)


Started GET "/manifest.json" for ::1 at 2024-09-12 15:33:42 +0530
Processing by Rails::PwaController#manifest as JSON
  Rendering pwa/manifest.json.erb
  Rendered pwa/manifest.json.erb (Duration: 0.1ms | GC: 0.0ms)
Completed 200 OK in 1ms (Views: 0.4ms | ActiveRecord: 0.0ms (0 queries, 0 cached) | GC: 0.0ms)


Started GET "/" for ::1 at 2024-09-12 15:33:45 +0530
Processing by LandingPageController#index as HTML
  Rendering layout layouts/application.html.erb
  Rendering landing_page/index.html.erb within layouts/application
  Rendered landing_page/index.html.erb within layouts/application (Duration: 0.3ms | GC: 0.0ms)
  Rendered layout layouts/application.html.erb (Duration: 3.0ms | GC: 0.0ms)
Completed 200 OK in 7ms (Views: 4.1ms | ActiveRecord: 0.0ms (0 queries, 0 cached) | GC: 0.7ms)


Started GET "/manifest.json" for ::1 at 2024-09-12 15:33:45 +0530
Processing by Rails::PwaController#manifest as JSON
  Rendering pwa/manifest.json.erb
  Rendered pwa/manifest.json.erb (Duration: 0.1ms | GC: 0.0ms)
Completed 200 OK in 1ms (Views: 0.7ms | ActiveRecord: 0.0ms (0 queries, 0 cached) | GC: 0.3ms)


Started GET "/" for ::1 at 2024-09-12 15:34:10 +0530
Processing by LandingPageController#index as HTML
  Rendering layout layouts/application.html.erb
  Rendering landing_page/index.html.erb within layouts/application
  Rendered landing_page/index.html.erb within layouts/application (Duration: 0.4ms | GC: 0.0ms)
  Rendered layout layouts/application.html.erb (Duration: 3.3ms | GC: 0.0ms)
Completed 200 OK in 7ms (Views: 5.9ms | ActiveRecord: 0.0ms (0 queries, 0 cached) | GC: 0.8ms)


Started GET "/manifest.json" for ::1 at 2024-09-12 15:34:12 +0530
Processing by Rails::PwaController#manifest as JSON
  Rendering pwa/manifest.json.erb
  Rendered pwa/manifest.json.erb (Duration: 0.4ms | GC: 0.0ms)
Completed 200 OK in 2ms (Views: 2.0ms | ActiveRecord: 0.0ms (0 queries, 0 cached) | GC: 0.0ms)


Started GET "/" for ::1 at 2024-09-12 15:34:48 +0530
Processing by LandingPageController#index as HTML
  Rendering layout layouts/application.html.erb
  Rendering landing_page/index.html.erb within layouts/application
  Rendered landing_page/index.html.erb within layouts/application (Duration: 0.1ms | GC: 0.0ms)
  Rendered layout layouts/application.html.erb (Duration: 2.3ms | GC: 0.0ms)
Completed 200 OK in 3ms (Views: 2.6ms | ActiveRecord: 0.0ms (0 queries, 0 cached) | GC: 0.0ms)


Started GET "/manifest.json" for ::1 at 2024-09-12 15:34:50 +0530
Processing by Rails::PwaController#manifest as JSON
  Rendering pwa/manifest.json.erb
  Rendered pwa/manifest.json.erb (Duration: 0.2ms | GC: 0.0ms)
Completed 200 OK in 1ms (Views: 0.8ms | ActiveRecord: 0.0ms (0 queries, 0 cached) | GC: 0.0ms)


Started GET "/" for ::1 at 2024-09-12 15:35:18 +0530
Processing by LandingPageController#index as HTML
  Rendering layout layouts/application.html.erb
  Rendering landing_page/index.html.erb within layouts/application
  Rendered landing_page/index.html.erb within layouts/application (Duration: 0.5ms | GC: 0.0ms)
  Rendered layout layouts/application.html.erb (Duration: 3.2ms | GC: 0.0ms)
Completed 200 OK in 6ms (Views: 4.9ms | ActiveRecord: 0.0ms (0 queries, 0 cached) | GC: 0.0ms)


Started GET "/manifest.json" for ::1 at 2024-09-12 15:35:28 +0530
Processing by Rails::PwaController#manifest as JSON
  Rendering pwa/manifest.json.erb
  Rendered pwa/manifest.json.erb (Duration: 0.5ms | GC: 0.0ms)
Completed 200 OK in 3ms (Views: 2.3ms | ActiveRecord: 0.0ms (0 queries, 0 cached) | GC: 0.0ms)


Started GET "/" for ::1 at 2024-09-12 15:36:33 +0530
Processing by LandingPageController#index as HTML
  Rendering layout layouts/application.html.erb
  Rendering landing_page/index.html.erb within layouts/application
  Rendered landing_page/index.html.erb within layouts/application (Duration: 0.7ms | GC: 0.0ms)
  Rendered layout layouts/application.html.erb (Duration: 4.2ms | GC: 0.3ms)
Completed 200 OK in 8ms (Views: 6.3ms | ActiveRecord: 0.0ms (0 queries, 0 cached) | GC: 0.3ms)


Started GET "/manifest.json" for ::1 at 2024-09-12 15:36:40 +0530
Processing by Rails::PwaController#manifest as JSON
  Rendering pwa/manifest.json.erb
  Rendered pwa/manifest.json.erb (Duration: 0.4ms | GC: 0.0ms)
Completed 200 OK in 2ms (Views: 1.9ms | ActiveRecord: 0.0ms (0 queries, 0 cached) | GC: 0.2ms)


Started GET "/" for ::1 at 2024-09-12 15:38:14 +0530
Processing by LandingPageController#index as HTML
  Rendering layout layouts/application.html.erb
  Rendering landing_page/index.html.erb within layouts/application
  Rendered landing_page/index.html.erb within layouts/application (Duration: 0.5ms | GC: 0.0ms)
  Rendered layout layouts/application.html.erb (Duration: 3.6ms | GC: 0.2ms)
Completed 200 OK in 6ms (Views: 5.3ms | ActiveRecord: 0.0ms (0 queries, 0 cached) | GC: 0.2ms)


Started GET "/manifest.json" for ::1 at 2024-09-12 15:38:15 +0530
Processing by Rails::PwaController#manifest as JSON
  Rendering pwa/manifest.json.erb
  Rendered pwa/manifest.json.erb (Duration: 0.5ms | GC: 0.0ms)
Completed 200 OK in 5ms (Views: 4.7ms | ActiveRecord: 0.0ms (0 queries, 0 cached) | GC: 0.0ms)


Started GET "/" for ::1 at 2024-09-12 15:38:18 +0530
Processing by LandingPageController#index as HTML
  Rendering layout layouts/application.html.erb
  Rendering landing_page/index.html.erb within layouts/application
  Rendered landing_page/index.html.erb within layouts/application (Duration: 0.1ms | GC: 0.0ms)
  Rendered layout layouts/application.html.erb (Duration: 1.9ms | GC: 0.0ms)
Completed 200 OK in 3ms (Views: 2.3ms | ActiveRecord: 0.0ms (0 queries, 0 cached) | GC: 0.0ms)


Started GET "/manifest.json" for ::1 at 2024-09-12 15:38:19 +0530
Processing by Rails::PwaController#manifest as JSON
  Rendering pwa/manifest.json.erb
  Rendered pwa/manifest.json.erb (Duration: 0.2ms | GC: 0.0ms)
Completed 200 OK in 1ms (Views: 0.6ms | ActiveRecord: 0.0ms (0 queries, 0 cached) | GC: 0.0ms)


Started GET "/" for ::1 at 2024-09-12 15:38:21 +0530
Processing by LandingPageController#index as HTML
  Rendering layout layouts/application.html.erb
  Rendering landing_page/index.html.erb within layouts/application
  Rendered landing_page/index.html.erb within layouts/application (Duration: 0.1ms | GC: 0.0ms)
  Rendered layout layouts/application.html.erb (Duration: 2.1ms | GC: 0.0ms)
Completed 200 OK in 3ms (Views: 2.5ms | ActiveRecord: 0.0ms (0 queries, 0 cached) | GC: 0.0ms)


Started GET "/manifest.json" for ::1 at 2024-09-12 15:38:22 +0530
Processing by Rails::PwaController#manifest as JSON
  Rendering pwa/manifest.json.erb
  Rendered pwa/manifest.json.erb (Duration: 0.4ms | GC: 0.0ms)
Completed 200 OK in 2ms (Views: 1.0ms | ActiveRecord: 0.0ms (0 queries, 0 cached) | GC: 0.0ms)


Started GET "/" for ::1 at 2024-09-12 15:39:20 +0530
Processing by LandingPageController#index as HTML
  Rendering layout layouts/application.html.erb
  Rendering landing_page/index.html.erb within layouts/application
  Rendered landing_page/index.html.erb within layouts/application (Duration: 0.5ms | GC: 0.0ms)
  Rendered layout layouts/application.html.erb (Duration: 4.1ms | GC: 0.4ms)
Completed 200 OK in 7ms (Views: 6.0ms | ActiveRecord: 0.0ms (0 queries, 0 cached) | GC: 0.4ms)


Started GET "/manifest.json" for ::1 at 2024-09-12 15:39:21 +0530
Processing by Rails::PwaController#manifest as JSON
  Rendering pwa/manifest.json.erb
  Rendered pwa/manifest.json.erb (Duration: 0.5ms | GC: 0.0ms)
Completed 200 OK in 2ms (Views: 2.0ms | ActiveRecord: 0.0ms (0 queries, 0 cached) | GC: 0.0ms)


Started GET "/" for ::1 at 2024-09-12 15:40:47 +0530
Processing by LandingPageController#index as HTML
  Rendering layout layouts/application.html.erb
  Rendering landing_page/index.html.erb within layouts/application
  Rendered landing_page/index.html.erb within layouts/application (Duration: 0.4ms | GC: 0.0ms)
  Rendered layout layouts/application.html.erb (Duration: 3.4ms | GC: 0.0ms)
Completed 200 OK in 7ms (Views: 5.1ms | ActiveRecord: 0.0ms (0 queries, 0 cached) | GC: 0.5ms)


Started GET "/manifest.json" for ::1 at 2024-09-12 15:40:47 +0530
Processing by Rails::PwaController#manifest as JSON
  Rendering pwa/manifest.json.erb
  Rendered pwa/manifest.json.erb (Duration: 0.6ms | GC: 0.0ms)
Completed 200 OK in 6ms (Views: 4.2ms | ActiveRecord: 0.0ms (0 queries, 0 cached) | GC: 0.6ms)


Started GET "/manifest.json" for ::1 at 2024-09-12 15:41:05 +0530
Processing by Rails::PwaController#manifest as JSON
  Rendering pwa/manifest.json.erb
  Rendered pwa/manifest.json.erb (Duration: 0.2ms | GC: 0.0ms)
Completed 200 OK in 1ms (Views: 0.6ms | ActiveRecord: 0.0ms (0 queries, 0 cached) | GC: 0.0ms)


Started GET "/" for ::1 at 2024-09-12 15:41:56 +0530
Processing by LandingPageController#index as HTML
  Rendering layout layouts/application.html.erb
  Rendering landing_page/index.html.erb within layouts/application
  Rendered landing_page/index.html.erb within layouts/application (Duration: 0.5ms | GC: 0.0ms)
  Rendered layout layouts/application.html.erb (Duration: 3.3ms | GC: 0.0ms)
Completed 200 OK in 6ms (Views: 5.1ms | ActiveRecord: 0.0ms (0 queries, 0 cached) | GC: 0.0ms)


Started GET "/manifest.json" for ::1 at 2024-09-12 15:41:56 +0530
Processing by Rails::PwaController#manifest as JSON
  Rendering pwa/manifest.json.erb
  Rendered pwa/manifest.json.erb (Duration: 0.4ms | GC: 0.0ms)
Completed 200 OK in 2ms (Views: 1.7ms | ActiveRecord: 0.0ms (0 queries, 0 cached) | GC: 0.0ms)


Started GET "/" for ::1 at 2024-09-12 15:42:24 +0530
Processing by LandingPageController#index as HTML
  Rendering layout layouts/application.html.erb
  Rendering landing_page/index.html.erb within layouts/application
  Rendered landing_page/index.html.erb within layouts/application (Duration: 0.1ms | GC: 0.0ms)
  Rendered layout layouts/application.html.erb (Duration: 43.4ms | GC: 0.0ms)
Completed 200 OK in 45ms (Views: 43.9ms | ActiveRecord: 0.0ms (0 queries, 0 cached) | GC: 0.0ms)


Started GET "/manifest.json" for ::1 at 2024-09-12 15:42:24 +0530
Processing by Rails::PwaController#manifest as JSON
  Rendering pwa/manifest.json.erb
  Rendered pwa/manifest.json.erb (Duration: 0.2ms | GC: 0.0ms)
Completed 200 OK in 1ms (Views: 1.0ms | ActiveRecord: 0.0ms (0 queries, 0 cached) | GC: 0.0ms)


Started GET "/" for ::1 at 2024-09-12 15:43:04 +0530
Processing by LandingPageController#index as HTML
  Rendering layout layouts/application.html.erb
  Rendering landing_page/index.html.erb within layouts/application
  Rendered landing_page/index.html.erb within layouts/application (Duration: 0.2ms | GC: 0.0ms)
  Rendered layout layouts/application.html.erb (Duration: 3.5ms | GC: 0.0ms)
Completed 200 OK in 5ms (Views: 3.9ms | ActiveRecord: 0.0ms (0 queries, 0 cached) | GC: 0.0ms)


Started GET "/manifest.json" for ::1 at 2024-09-12 15:43:04 +0530
Processing by Rails::PwaController#manifest as JSON
  Rendering pwa/manifest.json.erb
  Rendered pwa/manifest.json.erb (Duration: 0.2ms | GC: 0.0ms)
Completed 200 OK in 1ms (Views: 0.7ms | ActiveRecord: 0.0ms (0 queries, 0 cached) | GC: 0.0ms)


Started GET "/" for ::1 at 2024-09-12 15:43:56 +0530
Processing by LandingPageController#index as HTML
  Rendering layout layouts/application.html.erb
  Rendering landing_page/index.html.erb within layouts/application
  Rendered landing_page/index.html.erb within layouts/application (Duration: 0.4ms | GC: 0.0ms)
  Rendered layout layouts/application.html.erb (Duration: 50.2ms | GC: 0.3ms)
Completed 500 Internal Server Error in 53ms (ActiveRecord: 0.0ms (0 queries, 0 cached) | GC: 0.3ms)


  
ActionView::Template::Error (The asset "home.css" is not present in the asset pipeline.
):

Causes:
Sprockets::Rails::Helper::AssetNotFound (The asset "home.css" is not present in the asset pipeline.
)
    14:     <link rel="icon" href="/icon.svg" type="image/svg+xml">
    15:     <link rel="apple-touch-icon" href="/icon.png">
    16:     <%= stylesheet_link_tag "application", "data-turbo-track": "reload" %>
    17:     <%= stylesheet_link_tag "home" %>
    18:     <link href="https://cdn.jsdelivr.net/npm/bootstrap@5.2.3/dist/css/bootstrap.min.css" rel="stylesheet" integrity="sha384-rbsA2VBKQhggwzxH7pPCaAqO46MgnOM80zW1RWuH61DGLwZJEdK2Kadq2F9CUG65" crossorigin="anonymous">
    19:   </head>
    20: 
  
app/views/layouts/application.html.erb:17
Started GET "/" for ::1 at 2024-09-12 15:44:40 +0530
Processing by LandingPageController#index as HTML
  Rendering layout layouts/application.html.erb
  Rendering landing_page/index.html.erb within layouts/application
  Rendered landing_page/index.html.erb within layouts/application (Duration: 0.4ms | GC: 0.0ms)
  Rendered layout layouts/application.html.erb (Duration: 33.1ms | GC: 4.5ms)
Completed 200 OK in 36ms (Views: 34.7ms | ActiveRecord: 0.0ms (0 queries, 0 cached) | GC: 4.5ms)


Started GET "/manifest.json" for ::1 at 2024-09-12 15:44:41 +0530
Processing by Rails::PwaController#manifest as JSON
  Rendering pwa/manifest.json.erb
  Rendered pwa/manifest.json.erb (Duration: 0.6ms | GC: 0.0ms)
Completed 200 OK in 3ms (Views: 2.9ms | ActiveRecord: 0.0ms (0 queries, 0 cached) | GC: 0.7ms)


Started GET "/" for ::1 at 2024-09-12 15:46:11 +0530
Processing by LandingPageController#index as HTML
  Rendering layout layouts/application.html.erb
  Rendering landing_page/index.html.erb within layouts/application
  Rendered landing_page/index.html.erb within layouts/application (Duration: 0.4ms | GC: 0.0ms)
  Rendered layout layouts/application.html.erb (Duration: 4.6ms | GC: 0.4ms)
Completed 200 OK in 8ms (Views: 6.2ms | ActiveRecord: 0.0ms (0 queries, 0 cached) | GC: 0.4ms)


Started GET "/manifest.json" for ::1 at 2024-09-12 15:46:12 +0530
Processing by Rails::PwaController#manifest as JSON
  Rendering pwa/manifest.json.erb
  Rendered pwa/manifest.json.erb (Duration: 0.4ms | GC: 0.0ms)
Completed 200 OK in 2ms (Views: 1.5ms | ActiveRecord: 0.0ms (0 queries, 0 cached) | GC: 0.0ms)


Started GET "/" for ::1 at 2024-09-12 15:46:44 +0530
Processing by LandingPageController#index as HTML
  Rendering layout layouts/application.html.erb
  Rendering landing_page/index.html.erb within layouts/application
  Rendered landing_page/index.html.erb within layouts/application (Duration: 0.1ms | GC: 0.0ms)
  Rendered layout layouts/application.html.erb (Duration: 17.0ms | GC: 0.7ms)
Completed 200 OK in 18ms (Views: 17.3ms | ActiveRecord: 0.0ms (0 queries, 0 cached) | GC: 0.7ms)


Started GET "/manifest.json" for ::1 at 2024-09-12 15:46:44 +0530
Processing by Rails::PwaController#manifest as JSON
  Rendering pwa/manifest.json.erb
  Rendered pwa/manifest.json.erb (Duration: 0.1ms | GC: 0.0ms)
Completed 200 OK in 1ms (Views: 0.4ms | ActiveRecord: 0.0ms (0 queries, 0 cached) | GC: 0.0ms)


Started GET "/" for ::1 at 2024-09-12 15:46:57 +0530
Processing by LandingPageController#index as HTML
  Rendering layout layouts/application.html.erb
  Rendering landing_page/index.html.erb within layouts/application
  Rendered landing_page/index.html.erb within layouts/application (Duration: 0.5ms | GC: 0.0ms)
  Rendered layout layouts/application.html.erb (Duration: 3.7ms | GC: 0.5ms)
Completed 200 OK in 7ms (Views: 5.2ms | ActiveRecord: 0.0ms (0 queries, 0 cached) | GC: 0.5ms)


Started GET "/manifest.json" for ::1 at 2024-09-12 15:46:58 +0530
Processing by Rails::PwaController#manifest as JSON
  Rendering pwa/manifest.json.erb
  Rendered pwa/manifest.json.erb (Duration: 0.9ms | GC: 0.5ms)
Completed 200 OK in 3ms (Views: 2.0ms | ActiveRecord: 0.0ms (0 queries, 0 cached) | GC: 0.5ms)


Started GET "/" for ::1 at 2024-09-12 15:46:58 +0530
Processing by LandingPageController#index as HTML
  Rendering layout layouts/application.html.erb
  Rendering landing_page/index.html.erb within layouts/application
  Rendered landing_page/index.html.erb within layouts/application (Duration: 0.2ms | GC: 0.0ms)
  Rendered layout layouts/application.html.erb (Duration: 2.9ms | GC: 0.5ms)
Completed 200 OK in 4ms (Views: 3.3ms | ActiveRecord: 0.0ms (0 queries, 0 cached) | GC: 0.5ms)


Started GET "/manifest.json" for ::1 at 2024-09-12 15:46:58 +0530
Processing by Rails::PwaController#manifest as JSON
  Rendering pwa/manifest.json.erb
  Rendered pwa/manifest.json.erb (Duration: 0.2ms | GC: 0.0ms)
Completed 200 OK in 2ms (Views: 1.0ms | ActiveRecord: 0.0ms (0 queries, 0 cached) | GC: 0.0ms)


Started GET "/" for ::1 at 2024-09-12 16:01:01 +0530
Processing by LandingPageController#index as HTML
Completed 406 Not Acceptable in 2ms (ActiveRecord: 0.0ms (0 queries, 0 cached) | GC: 0.0ms)


  
ActionController::MissingExactTemplate (LandingPageController#index is missing a template for request formats: text/html):
  
actionpack (7.2.1) lib/action_controller/metal/implicit_render.rb:49:in `default_render'
actionpack (7.2.1) lib/action_controller/metal/basic_implicit_render.rb:9:in `send_action'
actionpack (7.2.1) lib/abstract_controller/base.rb:226:in `process_action'
actionpack (7.2.1) lib/action_controller/metal/rendering.rb:193:in `process_action'
actionpack (7.2.1) lib/abstract_controller/callbacks.rb:261:in `block in process_action'
activesupport (7.2.1) lib/active_support/callbacks.rb:121:in `block in run_callbacks'
turbo-rails (2.0.6) lib/turbo-rails.rb:24:in `with_request_id'
turbo-rails (2.0.6) app/controllers/concerns/turbo/request_id_tracking.rb:10:in `turbo_tracking_request_id'
activesupport (7.2.1) lib/active_support/callbacks.rb:130:in `block in run_callbacks'
actiontext (7.2.1) lib/action_text/rendering.rb:25:in `with_renderer'
actiontext (7.2.1) lib/action_text/engine.rb:71:in `block (4 levels) in <class:Engine>'
activesupport (7.2.1) lib/active_support/callbacks.rb:130:in `instance_exec'
activesupport (7.2.1) lib/active_support/callbacks.rb:130:in `block in run_callbacks'
activesupport (7.2.1) lib/active_support/callbacks.rb:141:in `run_callbacks'
actionpack (7.2.1) lib/abstract_controller/callbacks.rb:260:in `process_action'
actionpack (7.2.1) lib/action_controller/metal/rescue.rb:27:in `process_action'
actionpack (7.2.1) lib/action_controller/metal/instrumentation.rb:77:in `block in process_action'
activesupport (7.2.1) lib/active_support/notifications.rb:210:in `block in instrument'
activesupport (7.2.1) lib/active_support/notifications/instrumenter.rb:58:in `instrument'
activesupport (7.2.1) lib/active_support/notifications.rb:210:in `instrument'
actionpack (7.2.1) lib/action_controller/metal/instrumentation.rb:76:in `process_action'
actionpack (7.2.1) lib/action_controller/metal/params_wrapper.rb:259:in `process_action'
activerecord (7.2.1) lib/active_record/railties/controller_runtime.rb:39:in `process_action'
actionpack (7.2.1) lib/abstract_controller/base.rb:163:in `process'
actionview (7.2.1) lib/action_view/rendering.rb:40:in `process'
actionpack (7.2.1) lib/action_controller/metal.rb:252:in `dispatch'
actionpack (7.2.1) lib/action_controller/metal.rb:335:in `dispatch'
actionpack (7.2.1) lib/action_dispatch/routing/route_set.rb:67:in `dispatch'
actionpack (7.2.1) lib/action_dispatch/routing/route_set.rb:50:in `serve'
actionpack (7.2.1) lib/action_dispatch/journey/router.rb:53:in `block in serve'
actionpack (7.2.1) lib/action_dispatch/journey/router.rb:133:in `block in find_routes'
actionpack (7.2.1) lib/action_dispatch/journey/router.rb:126:in `each'
actionpack (7.2.1) lib/action_dispatch/journey/router.rb:126:in `find_routes'
actionpack (7.2.1) lib/action_dispatch/journey/router.rb:34:in `serve'
actionpack (7.2.1) lib/action_dispatch/routing/route_set.rb:896:in `call'
rack (3.1.7) lib/rack/tempfile_reaper.rb:20:in `call'
rack (3.1.7) lib/rack/etag.rb:29:in `call'
rack (3.1.7) lib/rack/conditional_get.rb:31:in `call'
rack (3.1.7) lib/rack/head.rb:15:in `call'
actionpack (7.2.1) lib/action_dispatch/http/permissions_policy.rb:38:in `call'
actionpack (7.2.1) lib/action_dispatch/http/content_security_policy.rb:36:in `call'
rack-session (2.0.0) lib/rack/session/abstract/id.rb:272:in `context'
rack-session (2.0.0) lib/rack/session/abstract/id.rb:266:in `call'
actionpack (7.2.1) lib/action_dispatch/middleware/cookies.rb:704:in `call'
activerecord (7.2.1) lib/active_record/migration.rb:674:in `call'
actionpack (7.2.1) lib/action_dispatch/middleware/callbacks.rb:31:in `block in call'
activesupport (7.2.1) lib/active_support/callbacks.rb:101:in `run_callbacks'
actionpack (7.2.1) lib/action_dispatch/middleware/callbacks.rb:30:in `call'
actionpack (7.2.1) lib/action_dispatch/middleware/executor.rb:16:in `call'
actionpack (7.2.1) lib/action_dispatch/middleware/actionable_exceptions.rb:18:in `call'
actionpack (7.2.1) lib/action_dispatch/middleware/debug_exceptions.rb:31:in `call'
web-console (4.2.1) lib/web_console/middleware.rb:132:in `call_app'
web-console (4.2.1) lib/web_console/middleware.rb:28:in `block in call'
web-console (4.2.1) lib/web_console/middleware.rb:17:in `catch'
web-console (4.2.1) lib/web_console/middleware.rb:17:in `call'
actionpack (7.2.1) lib/action_dispatch/middleware/show_exceptions.rb:32:in `call'
railties (7.2.1) lib/rails/rack/logger.rb:41:in `call_app'
railties (7.2.1) lib/rails/rack/logger.rb:29:in `call'
sprockets-rails (3.5.2) lib/sprockets/rails/quiet_assets.rb:17:in `call'
actionpack (7.2.1) lib/action_dispatch/middleware/remote_ip.rb:96:in `call'
actionpack (7.2.1) lib/action_dispatch/middleware/request_id.rb:33:in `call'
rack (3.1.7) lib/rack/method_override.rb:28:in `call'
rack (3.1.7) lib/rack/runtime.rb:24:in `call'
activesupport (7.2.1) lib/active_support/cache/strategy/local_cache_middleware.rb:29:in `call'
actionpack (7.2.1) lib/action_dispatch/middleware/server_timing.rb:61:in `block in call'
actionpack (7.2.1) lib/action_dispatch/middleware/server_timing.rb:26:in `collect_events'
actionpack (7.2.1) lib/action_dispatch/middleware/server_timing.rb:60:in `call'
actionpack (7.2.1) lib/action_dispatch/middleware/executor.rb:16:in `call'
actionpack (7.2.1) lib/action_dispatch/middleware/static.rb:27:in `call'
rack (3.1.7) lib/rack/sendfile.rb:114:in `call'
actionpack (7.2.1) lib/action_dispatch/middleware/host_authorization.rb:143:in `call'
railties (7.2.1) lib/rails/engine.rb:535:in `call'
puma (6.4.2) lib/puma/configuration.rb:272:in `call'
puma (6.4.2) lib/puma/request.rb:100:in `block in handle_request'
puma (6.4.2) lib/puma/thread_pool.rb:378:in `with_force_shutdown'
puma (6.4.2) lib/puma/request.rb:99:in `handle_request'
puma (6.4.2) lib/puma/server.rb:464:in `process_client'
puma (6.4.2) lib/puma/server.rb:245:in `block in run'
puma (6.4.2) lib/puma/thread_pool.rb:155:in `block in spawn_thread'
Started GET "/" for ::1 at 2024-09-12 16:01:11 +0530
Processing by LandingPageController#index as HTML
Completed 406 Not Acceptable in 1ms (ActiveRecord: 0.0ms (0 queries, 0 cached) | GC: 0.0ms)


  
ActionController::MissingExactTemplate (LandingPageController#index is missing a template for request formats: text/html):
  
actionpack (7.2.1) lib/action_controller/metal/implicit_render.rb:49:in `default_render'
actionpack (7.2.1) lib/action_controller/metal/basic_implicit_render.rb:9:in `send_action'
actionpack (7.2.1) lib/abstract_controller/base.rb:226:in `process_action'
actionpack (7.2.1) lib/action_controller/metal/rendering.rb:193:in `process_action'
actionpack (7.2.1) lib/abstract_controller/callbacks.rb:261:in `block in process_action'
activesupport (7.2.1) lib/active_support/callbacks.rb:121:in `block in run_callbacks'
turbo-rails (2.0.6) lib/turbo-rails.rb:24:in `with_request_id'
turbo-rails (2.0.6) app/controllers/concerns/turbo/request_id_tracking.rb:10:in `turbo_tracking_request_id'
activesupport (7.2.1) lib/active_support/callbacks.rb:130:in `block in run_callbacks'
actiontext (7.2.1) lib/action_text/rendering.rb:25:in `with_renderer'
actiontext (7.2.1) lib/action_text/engine.rb:71:in `block (4 levels) in <class:Engine>'
activesupport (7.2.1) lib/active_support/callbacks.rb:130:in `instance_exec'
activesupport (7.2.1) lib/active_support/callbacks.rb:130:in `block in run_callbacks'
activesupport (7.2.1) lib/active_support/callbacks.rb:141:in `run_callbacks'
actionpack (7.2.1) lib/abstract_controller/callbacks.rb:260:in `process_action'
actionpack (7.2.1) lib/action_controller/metal/rescue.rb:27:in `process_action'
actionpack (7.2.1) lib/action_controller/metal/instrumentation.rb:77:in `block in process_action'
activesupport (7.2.1) lib/active_support/notifications.rb:210:in `block in instrument'
activesupport (7.2.1) lib/active_support/notifications/instrumenter.rb:58:in `instrument'
activesupport (7.2.1) lib/active_support/notifications.rb:210:in `instrument'
actionpack (7.2.1) lib/action_controller/metal/instrumentation.rb:76:in `process_action'
actionpack (7.2.1) lib/action_controller/metal/params_wrapper.rb:259:in `process_action'
activerecord (7.2.1) lib/active_record/railties/controller_runtime.rb:39:in `process_action'
actionpack (7.2.1) lib/abstract_controller/base.rb:163:in `process'
actionview (7.2.1) lib/action_view/rendering.rb:40:in `process'
actionpack (7.2.1) lib/action_controller/metal.rb:252:in `dispatch'
actionpack (7.2.1) lib/action_controller/metal.rb:335:in `dispatch'
actionpack (7.2.1) lib/action_dispatch/routing/route_set.rb:67:in `dispatch'
actionpack (7.2.1) lib/action_dispatch/routing/route_set.rb:50:in `serve'
actionpack (7.2.1) lib/action_dispatch/journey/router.rb:53:in `block in serve'
actionpack (7.2.1) lib/action_dispatch/journey/router.rb:133:in `block in find_routes'
actionpack (7.2.1) lib/action_dispatch/journey/router.rb:126:in `each'
actionpack (7.2.1) lib/action_dispatch/journey/router.rb:126:in `find_routes'
actionpack (7.2.1) lib/action_dispatch/journey/router.rb:34:in `serve'
actionpack (7.2.1) lib/action_dispatch/routing/route_set.rb:896:in `call'
rack (3.1.7) lib/rack/tempfile_reaper.rb:20:in `call'
rack (3.1.7) lib/rack/etag.rb:29:in `call'
rack (3.1.7) lib/rack/conditional_get.rb:31:in `call'
rack (3.1.7) lib/rack/head.rb:15:in `call'
actionpack (7.2.1) lib/action_dispatch/http/permissions_policy.rb:38:in `call'
actionpack (7.2.1) lib/action_dispatch/http/content_security_policy.rb:36:in `call'
rack-session (2.0.0) lib/rack/session/abstract/id.rb:272:in `context'
rack-session (2.0.0) lib/rack/session/abstract/id.rb:266:in `call'
actionpack (7.2.1) lib/action_dispatch/middleware/cookies.rb:704:in `call'
activerecord (7.2.1) lib/active_record/migration.rb:674:in `call'
actionpack (7.2.1) lib/action_dispatch/middleware/callbacks.rb:31:in `block in call'
activesupport (7.2.1) lib/active_support/callbacks.rb:101:in `run_callbacks'
actionpack (7.2.1) lib/action_dispatch/middleware/callbacks.rb:30:in `call'
actionpack (7.2.1) lib/action_dispatch/middleware/executor.rb:16:in `call'
actionpack (7.2.1) lib/action_dispatch/middleware/actionable_exceptions.rb:18:in `call'
actionpack (7.2.1) lib/action_dispatch/middleware/debug_exceptions.rb:31:in `call'
web-console (4.2.1) lib/web_console/middleware.rb:132:in `call_app'
web-console (4.2.1) lib/web_console/middleware.rb:28:in `block in call'
web-console (4.2.1) lib/web_console/middleware.rb:17:in `catch'
web-console (4.2.1) lib/web_console/middleware.rb:17:in `call'
actionpack (7.2.1) lib/action_dispatch/middleware/show_exceptions.rb:32:in `call'
railties (7.2.1) lib/rails/rack/logger.rb:41:in `call_app'
railties (7.2.1) lib/rails/rack/logger.rb:29:in `call'
sprockets-rails (3.5.2) lib/sprockets/rails/quiet_assets.rb:17:in `call'
actionpack (7.2.1) lib/action_dispatch/middleware/remote_ip.rb:96:in `call'
actionpack (7.2.1) lib/action_dispatch/middleware/request_id.rb:33:in `call'
rack (3.1.7) lib/rack/method_override.rb:28:in `call'
rack (3.1.7) lib/rack/runtime.rb:24:in `call'
activesupport (7.2.1) lib/active_support/cache/strategy/local_cache_middleware.rb:29:in `call'
actionpack (7.2.1) lib/action_dispatch/middleware/server_timing.rb:61:in `block in call'
actionpack (7.2.1) lib/action_dispatch/middleware/server_timing.rb:26:in `collect_events'
actionpack (7.2.1) lib/action_dispatch/middleware/server_timing.rb:60:in `call'
actionpack (7.2.1) lib/action_dispatch/middleware/executor.rb:16:in `call'
actionpack (7.2.1) lib/action_dispatch/middleware/static.rb:27:in `call'
rack (3.1.7) lib/rack/sendfile.rb:114:in `call'
actionpack (7.2.1) lib/action_dispatch/middleware/host_authorization.rb:143:in `call'
railties (7.2.1) lib/rails/engine.rb:535:in `call'
puma (6.4.2) lib/puma/configuration.rb:272:in `call'
puma (6.4.2) lib/puma/request.rb:100:in `block in handle_request'
puma (6.4.2) lib/puma/thread_pool.rb:378:in `with_force_shutdown'
puma (6.4.2) lib/puma/request.rb:99:in `handle_request'
puma (6.4.2) lib/puma/server.rb:464:in `process_client'
puma (6.4.2) lib/puma/server.rb:245:in `block in run'
puma (6.4.2) lib/puma/thread_pool.rb:155:in `block in spawn_thread'
  [1m[35m (5.4ms)[0m  [1m[34mSELECT GET_LOCK('3354834384647429460', 0)[0m
  [1m[36mActiveRecord::SchemaMigration Load (75.2ms)[0m  [1m[34mSELECT `schema_migrations`.`version` FROM `schema_migrations` ORDER BY `schema_migrations`.`version` ASC[0m
  [1m[36mActiveRecord::InternalMetadata Load (24.9ms)[0m  [1m[34mSELECT * FROM `ar_internal_metadata` WHERE `ar_internal_metadata`.`key` = 'environment' ORDER BY `ar_internal_metadata`.`key` ASC LIMIT 1[0m
Migrating to CreateUsers (20241211101210)
  [1m[35m (381.4ms)[0m  [1m[35mCREATE TABLE `users` (`id` bigint NOT NULL AUTO_INCREMENT PRIMARY KEY, `created_at` datetime(6) NOT NULL, `updated_at` datetime(6) NOT NULL)[0m
  [1m[36mActiveRecord::SchemaMigration Create (11.9ms)[0m  [1m[32mINSERT INTO `schema_migrations` (`version`) VALUES ('20241211101210')[0m
Migrating to RenameColumnUserToUserId (20241211101536)
  [1m[35m (27.9ms)[0m  [1m[34mSELECT RELEASE_LOCK('3354834384647429460')[0m
  [1m[35m (0.2ms)[0m  [1m[34mSELECT GET_LOCK('3354834384647429460', 0)[0m
  [1m[36mActiveRecord::SchemaMigration Load (27.4ms)[0m  [1m[34mSELECT `schema_migrations`.`version` FROM `schema_migrations` ORDER BY `schema_migrations`.`version` ASC[0m
  [1m[36mActiveRecord::InternalMetadata Load (0.5ms)[0m  [1m[34mSELECT * FROM `ar_internal_metadata` WHERE `ar_internal_metadata`.`key` = 'environment' ORDER BY `ar_internal_metadata`.`key` ASC LIMIT 1[0m
Migrating to RenameColumnUserToUserId (20241211101536)
  [1m[35m (221.6ms)[0m  [1m[35mALTER TABLE `messages` RENAME COLUMN `user` TO `user_id`[0m
  [1m[36mActiveRecord::SchemaMigration Create (2.8ms)[0m  [1m[32mINSERT INTO `schema_migrations` (`version`) VALUES ('20241211101536')[0m
  [1m[35m (0.3ms)[0m  [1m[34mSELECT RELEASE_LOCK('3354834384647429460')[0m
  [1m[36mActiveRecord::SchemaMigration Load (1.3ms)[0m  [1m[34mSELECT `schema_migrations`.`version` FROM `schema_migrations` ORDER BY `schema_migrations`.`version` ASC[0m
  [1m[35m (0.3ms)[0m  [1m[34mSELECT GET_LOCK('3354834384647429460', 0)[0m
  [1m[36mActiveRecord::SchemaMigration Load (47.0ms)[0m  [1m[34mSELECT `schema_migrations`.`version` FROM `schema_migrations` ORDER BY `schema_migrations`.`version` ASC[0m
  [1m[36mActiveRecord::InternalMetadata Load (5.2ms)[0m  [1m[34mSELECT * FROM `ar_internal_metadata` WHERE `ar_internal_metadata`.`key` = 'environment' ORDER BY `ar_internal_metadata`.`key` ASC LIMIT 1[0m
Migrating to ChangeColumnTypeStringToIntegerInMessages (20241211102218)
  [1m[35m (0.2ms)[0m  [1m[34mSELECT RELEASE_LOCK('3354834384647429460')[0m
  [1m[35m (0.2ms)[0m  [1m[34mSELECT GET_LOCK('3354834384647429460', 0)[0m
  [1m[36mActiveRecord::SchemaMigration Load (2.2ms)[0m  [1m[34mSELECT `schema_migrations`.`version` FROM `schema_migrations` ORDER BY `schema_migrations`.`version` ASC[0m
  [1m[36mActiveRecord::InternalMetadata Load (5.7ms)[0m  [1m[34mSELECT * FROM `ar_internal_metadata` WHERE `ar_internal_metadata`.`key` = 'environment' ORDER BY `ar_internal_metadata`.`key` ASC LIMIT 1[0m
Migrating to ChangeColumnTypeStringToIntegerInMessages (20241211102218)
  [1m[35m (239.0ms)[0m  [1m[35mALTER TABLE `messages` CHANGE `user_id` `user_id` int DEFAULT NULL[0m
  [1m[36mActiveRecord::SchemaMigration Create (4.6ms)[0m  [1m[32mINSERT INTO `schema_migrations` (`version`) VALUES ('20241211102218')[0m
  [1m[35m (0.3ms)[0m  [1m[34mSELECT RELEASE_LOCK('3354834384647429460')[0m
  [1m[36mActiveRecord::SchemaMigration Load (0.2ms)[0m  [1m[34mSELECT `schema_migrations`.`version` FROM `schema_migrations` ORDER BY `schema_migrations`.`version` ASC[0m
  [1m[36mActiveRecord::SchemaMigration Load (5.5ms)[0m  [1m[34mSELECT `schema_migrations`.`version` FROM `schema_migrations` ORDER BY `schema_migrations`.`version` ASC[0m
  [1m[36mActiveRecord::SchemaMigration Load (6.4ms)[0m  [1m[34mSELECT `schema_migrations`.`version` FROM `schema_migrations` ORDER BY `schema_migrations`.`version` ASC[0m
  [1m[36mActiveRecord::SchemaMigration Load (0.3ms)[0m  [1m[34mSELECT `schema_migrations`.`version` FROM `schema_migrations` ORDER BY `schema_migrations`.`version` ASC[0m
  [1m[35m (0.1ms)[0m  [1m[34mSELECT GET_LOCK('3354834384647429460', 0)[0m
  [1m[36mActiveRecord::SchemaMigration Load (0.2ms)[0m  [1m[34mSELECT `schema_migrations`.`version` FROM `schema_migrations` ORDER BY `schema_migrations`.`version` ASC[0m
Migrating to ChangeColumnTypeStringToIntegerInMessages (20241211102218)
  [1m[35m (145.2ms)[0m  [1m[35mALTER TABLE `messages` CHANGE `user_id` `user_id` varchar(255) DEFAULT NULL[0m
  [1m[36mActiveRecord::SchemaMigration Destroy (7.1ms)[0m  [1m[31mDELETE FROM `schema_migrations` WHERE `schema_migrations`.`version` = '20241211102218'[0m
  [1m[35m (1.4ms)[0m  [1m[34mSELECT RELEASE_LOCK('3354834384647429460')[0m
  [1m[36mActiveRecord::SchemaMigration Load (0.2ms)[0m  [1m[34mSELECT `schema_migrations`.`version` FROM `schema_migrations` ORDER BY `schema_migrations`.`version` ASC[0m
  [1m[35m (24.0ms)[0m  [1m[34mSELECT GET_LOCK('3354834384647429460', 0)[0m
  [1m[36mActiveRecord::SchemaMigration Load (42.0ms)[0m  [1m[34mSELECT `schema_migrations`.`version` FROM `schema_migrations` ORDER BY `schema_migrations`.`version` ASC[0m
  [1m[36mActiveRecord::InternalMetadata Load (0.6ms)[0m  [1m[34mSELECT * FROM `ar_internal_metadata` WHERE `ar_internal_metadata`.`key` = 'environment' ORDER BY `ar_internal_metadata`.`key` ASC LIMIT 1[0m
Migrating to ChangeColumnTypeStringToIntegerInMessages (20241211102218)
  [1m[35m (116.4ms)[0m  [1m[35mALTER TABLE `messages` CHANGE `user_id` `user_id` int DEFAULT NULL[0m
  [1m[36mActiveRecord::SchemaMigration Create (3.8ms)[0m  [1m[32mINSERT INTO `schema_migrations` (`version`) VALUES ('20241211102218')[0m
  [1m[35m (0.3ms)[0m  [1m[34mSELECT RELEASE_LOCK('3354834384647429460')[0m
  [1m[36mActiveRecord::SchemaMigration Load (0.2ms)[0m  [1m[34mSELECT `schema_migrations`.`version` FROM `schema_migrations` ORDER BY `schema_migrations`.`version` ASC[0m
  [1m[35m (1.2ms)[0m  [1m[34mSELECT GET_LOCK('3354834384647429460', 0)[0m
  [1m[36mActiveRecord::SchemaMigration Load (46.4ms)[0m  [1m[34mSELECT `schema_migrations`.`version` FROM `schema_migrations` ORDER BY `schema_migrations`.`version` ASC[0m
  [1m[36mActiveRecord::InternalMetadata Load (0.5ms)[0m  [1m[34mSELECT * FROM `ar_internal_metadata` WHERE `ar_internal_metadata`.`key` = 'environment' ORDER BY `ar_internal_metadata`.`key` ASC LIMIT 1[0m
Migrating to AddColumnsToUsers (20241211102702)
  [1m[36mActiveRecord::SchemaMigration Create (29.1ms)[0m  [1m[32mINSERT INTO `schema_migrations` (`version`) VALUES ('20241211102702')[0m
  [1m[35m (0.3ms)[0m  [1m[34mSELECT RELEASE_LOCK('3354834384647429460')[0m
  [1m[36mActiveRecord::SchemaMigration Load (0.2ms)[0m  [1m[34mSELECT `schema_migrations`.`version` FROM `schema_migrations` ORDER BY `schema_migrations`.`version` ASC[0m
  [1m[36mActiveRecord::SchemaMigration Load (0.2ms)[0m  [1m[34mSELECT `schema_migrations`.`version` FROM `schema_migrations` ORDER BY `schema_migrations`.`version` ASC[0m
  [1m[35m (1.2ms)[0m  [1m[34mSELECT GET_LOCK('3354834384647429460', 0)[0m
  [1m[36mActiveRecord::SchemaMigration Load (21.2ms)[0m  [1m[34mSELECT `schema_migrations`.`version` FROM `schema_migrations` ORDER BY `schema_migrations`.`version` ASC[0m
  [1m[36mActiveRecord::InternalMetadata Load (0.5ms)[0m  [1m[34mSELECT * FROM `ar_internal_metadata` WHERE `ar_internal_metadata`.`key` = 'environment' ORDER BY `ar_internal_metadata`.`key` ASC LIMIT 1[0m
  [1m[35m (0.2ms)[0m  [1m[34mSELECT RELEASE_LOCK('3354834384647429460')[0m
  [1m[36mActiveRecord::SchemaMigration Load (0.2ms)[0m  [1m[34mSELECT `schema_migrations`.`version` FROM `schema_migrations` ORDER BY `schema_migrations`.`version` ASC[0m
  [1m[35m (1.8ms)[0m  [1m[34mSELECT GET_LOCK('3354834384647429460', 0)[0m
  [1m[36mActiveRecord::SchemaMigration Load (3.7ms)[0m  [1m[34mSELECT `schema_migrations`.`version` FROM `schema_migrations` ORDER BY `schema_migrations`.`version` ASC[0m
  [1m[36mActiveRecord::InternalMetadata Load (3.1ms)[0m  [1m[34mSELECT * FROM `ar_internal_metadata` WHERE `ar_internal_metadata`.`key` = 'environment' ORDER BY `ar_internal_metadata`.`key` ASC LIMIT 1[0m
  [1m[35m (0.2ms)[0m  [1m[34mSELECT RELEASE_LOCK('3354834384647429460')[0m
  [1m[36mActiveRecord::SchemaMigration Load (0.2ms)[0m  [1m[34mSELECT `schema_migrations`.`version` FROM `schema_migrations` ORDER BY `schema_migrations`.`version` ASC[0m
  [1m[36mActiveRecord::SchemaMigration Load (4.8ms)[0m  [1m[34mSELECT `schema_migrations`.`version` FROM `schema_migrations` ORDER BY `schema_migrations`.`version` ASC[0m
  [1m[36mActiveRecord::SchemaMigration Load (0.3ms)[0m  [1m[34mSELECT `schema_migrations`.`version` FROM `schema_migrations` ORDER BY `schema_migrations`.`version` ASC[0m
  [1m[36mActiveRecord::SchemaMigration Load (0.3ms)[0m  [1m[34mSELECT `schema_migrations`.`version` FROM `schema_migrations` ORDER BY `schema_migrations`.`version` ASC[0m
  [1m[35m (0.1ms)[0m  [1m[34mSELECT GET_LOCK('3354834384647429460', 0)[0m
  [1m[36mActiveRecord::SchemaMigration Load (0.2ms)[0m  [1m[34mSELECT `schema_migrations`.`version` FROM `schema_migrations` ORDER BY `schema_migrations`.`version` ASC[0m
Migrating to AddColumnsToUsers (20241211102702)
  [1m[36mActiveRecord::SchemaMigration Destroy (32.9ms)[0m  [1m[31mDELETE FROM `schema_migrations` WHERE `schema_migrations`.`version` = '20241211102702'[0m
  [1m[35m (0.5ms)[0m  [1m[34mSELECT RELEASE_LOCK('3354834384647429460')[0m
  [1m[36mActiveRecord::SchemaMigration Load (0.2ms)[0m  [1m[34mSELECT `schema_migrations`.`version` FROM `schema_migrations` ORDER BY `schema_migrations`.`version` ASC[0m
  [1m[35m (0.2ms)[0m  [1m[34mSELECT GET_LOCK('3354834384647429460', 0)[0m
  [1m[36mActiveRecord::SchemaMigration Load (3.2ms)[0m  [1m[34mSELECT `schema_migrations`.`version` FROM `schema_migrations` ORDER BY `schema_migrations`.`version` ASC[0m
  [1m[36mActiveRecord::InternalMetadata Load (8.3ms)[0m  [1m[34mSELECT * FROM `ar_internal_metadata` WHERE `ar_internal_metadata`.`key` = 'environment' ORDER BY `ar_internal_metadata`.`key` ASC LIMIT 1[0m
Migrating to AddColumnsToUsers (20241211102702)
  [1m[36mActiveRecord::SchemaMigration Create (42.6ms)[0m  [1m[32mINSERT INTO `schema_migrations` (`version`) VALUES ('20241211102702')[0m
  [1m[35m (0.9ms)[0m  [1m[34mSELECT RELEASE_LOCK('3354834384647429460')[0m
  [1m[36mActiveRecord::SchemaMigration Load (0.2ms)[0m  [1m[34mSELECT `schema_migrations`.`version` FROM `schema_migrations` ORDER BY `schema_migrations`.`version` ASC[0m
  [1m[36mActiveRecord::SchemaMigration Load (0.4ms)[0m  [1m[34mSELECT `schema_migrations`.`version` FROM `schema_migrations` ORDER BY `schema_migrations`.`version` ASC[0m
  [1m[36mActiveRecord::SchemaMigration Load (0.2ms)[0m  [1m[34mSELECT `schema_migrations`.`version` FROM `schema_migrations` ORDER BY `schema_migrations`.`version` ASC[0m
  [1m[36mActiveRecord::SchemaMigration Load (0.2ms)[0m  [1m[34mSELECT `schema_migrations`.`version` FROM `schema_migrations` ORDER BY `schema_migrations`.`version` ASC[0m
  [1m[35m (0.2ms)[0m  [1m[34mSELECT GET_LOCK('3354834384647429460', 0)[0m
  [1m[36mActiveRecord::SchemaMigration Load (0.2ms)[0m  [1m[34mSELECT `schema_migrations`.`version` FROM `schema_migrations` ORDER BY `schema_migrations`.`version` ASC[0m
Migrating to AddColumnsToUsers (20241211102702)
  [1m[36mActiveRecord::SchemaMigration Destroy (44.5ms)[0m  [1m[31mDELETE FROM `schema_migrations` WHERE `schema_migrations`.`version` = '20241211102702'[0m
  [1m[35m (0.3ms)[0m  [1m[34mSELECT RELEASE_LOCK('3354834384647429460')[0m
  [1m[36mActiveRecord::SchemaMigration Load (0.2ms)[0m  [1m[34mSELECT `schema_migrations`.`version` FROM `schema_migrations` ORDER BY `schema_migrations`.`version` ASC[0m
  [1m[35m (0.2ms)[0m  [1m[34mSELECT GET_LOCK('3354834384647429460', 0)[0m
  [1m[36mActiveRecord::SchemaMigration Load (29.9ms)[0m  [1m[34mSELECT `schema_migrations`.`version` FROM `schema_migrations` ORDER BY `schema_migrations`.`version` ASC[0m
  [1m[36mActiveRecord::InternalMetadata Load (0.7ms)[0m  [1m[34mSELECT * FROM `ar_internal_metadata` WHERE `ar_internal_metadata`.`key` = 'environment' ORDER BY `ar_internal_metadata`.`key` ASC LIMIT 1[0m
Migrating to AddColumnsToUsers (20241211103712)
  [1m[35m (158.8ms)[0m  [1m[35mALTER TABLE `users` ADD `name` varchar(255)[0m
  [1m[35m (31.5ms)[0m  [1m[35mALTER TABLE `users` ADD `email` varchar(255)[0m
  [1m[35m (26.0ms)[0m  [1m[35mALTER TABLE `users` ADD `phone` varchar(255)[0m
  [1m[35m (20.3ms)[0m  [1m[35mALTER TABLE `users` ADD `age` int[0m
  [1m[35m (79.8ms)[0m  [1m[35mALTER TABLE `users` ADD `gender` varchar(255)[0m
  [1m[36mActiveRecord::SchemaMigration Create (0.7ms)[0m  [1m[32mINSERT INTO `schema_migrations` (`version`) VALUES ('20241211103712')[0m
  [1m[35m (0.2ms)[0m  [1m[34mSELECT RELEASE_LOCK('3354834384647429460')[0m
  [1m[36mActiveRecord::SchemaMigration Load (0.2ms)[0m  [1m[34mSELECT `schema_migrations`.`version` FROM `schema_migrations` ORDER BY `schema_migrations`.`version` ASC[0m
  [1m[36mActiveRecord::SchemaMigration Load (3.0ms)[0m  [1m[34mSELECT `schema_migrations`.`version` FROM `schema_migrations` ORDER BY `schema_migrations`.`version` ASC[0m
  [1m[36mTRANSACTION (0.2ms)[0m  [1m[35mBEGIN[0m
  [1m[36mUser Create (3.1ms)[0m  [1m[32mINSERT INTO `users` (`created_at`, `updated_at`, `name`, `email`, `phone`, `age`, `gender`) VALUES ('2024-12-11 10:38:07.475670', '2024-12-11 10:38:07.475670', 'abc1', 'abc@gmail1.com', '+911234567891', 21, 'male')[0m
  [1m[36mTRANSACTION (0.8ms)[0m  [1m[35mCOMMIT[0m
  [1m[36mTRANSACTION (0.1ms)[0m  [1m[35mBEGIN[0m
  [1m[36mUser Create (2.9ms)[0m  [1m[32mINSERT INTO `users` (`created_at`, `updated_at`, `name`, `email`, `phone`, `age`, `gender`) VALUES ('2024-12-11 10:38:07.483085', '2024-12-11 10:38:07.483085', 'abc2', 'abc@gmail2.com', '+911234567892', 22, 'female')[0m
  [1m[36mTRANSACTION (1.1ms)[0m  [1m[35mCOMMIT[0m
  [1m[36mTRANSACTION (0.2ms)[0m  [1m[35mBEGIN[0m
  [1m[36mUser Create (2.1ms)[0m  [1m[32mINSERT INTO `users` (`created_at`, `updated_at`, `name`, `email`, `phone`, `age`, `gender`) VALUES ('2024-12-11 10:38:07.490629', '2024-12-11 10:38:07.490629', 'abc3', 'abc@gmail3.com', '+911234567893', 23, 'transgender')[0m
  [1m[36mTRANSACTION (0.6ms)[0m  [1m[35mCOMMIT[0m
  [1m[36mTRANSACTION (0.2ms)[0m  [1m[35mBEGIN[0m
  [1m[36mUser Create (3.6ms)[0m  [1m[32mINSERT INTO `users` (`created_at`, `updated_at`, `name`, `email`, `phone`, `age`, `gender`) VALUES ('2024-12-11 10:38:07.496350', '2024-12-11 10:38:07.496350', 'abc4', 'abc@gmail4.com', '+911234567894', 24, 'male')[0m
  [1m[36mTRANSACTION (0.6ms)[0m  [1m[35mCOMMIT[0m
  [1m[36mTRANSACTION (0.1ms)[0m  [1m[35mBEGIN[0m
  [1m[36mUser Create (4.9ms)[0m  [1m[32mINSERT INTO `users` (`created_at`, `updated_at`, `name`, `email`, `phone`, `age`, `gender`) VALUES ('2024-12-11 10:38:07.503867', '2024-12-11 10:38:07.503867', 'abc5', 'abc@gmail5.com', '+911234567895', 25, 'female')[0m
  [1m[36mTRANSACTION (0.6ms)[0m  [1m[35mCOMMIT[0m
  [1m[36mUser Load (1.6ms)[0m  [1m[34mSELECT `users`.* FROM `users` ORDER BY `users`.`id` ASC LIMIT 1[0m
  [1m[36mUser Load (0.4ms)[0m  [1m[34mSELECT `users`.* FROM `users` ORDER BY `users`.`id` ASC LIMIT 1[0m
  [1m[36mMessage Load (0.5ms)[0m  [1m[34mSELECT `messages`.* FROM `messages` WHERE `messages`.`user_id` = 1 /* loading for pp */ LIMIT 11[0m
  [1m[36mTRANSACTION (0.2ms)[0m  [1m[35mBEGIN[0m
  [1m[36mMessage Create (41.0ms)[0m  [1m[32mINSERT INTO `messages` (`user_id`, `content`, `created_at`, `updated_at`) VALUES (1, 'Good', '2024-12-11 10:41:15.356428', '2024-12-11 10:41:15.356428')[0m
  [1m[36mTRANSACTION (1.1ms)[0m  [1m[35mCOMMIT[0m
  [1m[36mTRANSACTION (0.2ms)[0m  [1m[35mBEGIN[0m
  [1m[36mMessage Create (32.6ms)[0m  [1m[32mINSERT INTO `messages` (`user_id`, `content`, `created_at`, `updated_at`) VALUES (1, 'Good one', '2024-12-11 10:41:21.570016', '2024-12-11 10:41:21.570016')[0m
  [1m[36mTRANSACTION (1.9ms)[0m  [1m[35mCOMMIT[0m
  [1m[36mTRANSACTION (0.2ms)[0m  [1m[35mBEGIN[0m
  [1m[36mMessage Create (40.9ms)[0m  [1m[32mINSERT INTO `messages` (`user_id`, `content`, `created_at`, `updated_at`) VALUES (1, 'Nice', '2024-12-11 10:41:30.969285', '2024-12-11 10:41:30.969285')[0m
  [1m[36mTRANSACTION (0.8ms)[0m  [1m[35mCOMMIT[0m
  [1m[36mTRANSACTION (0.2ms)[0m  [1m[35mBEGIN[0m
  [1m[36mMessage Create (1.8ms)[0m  [1m[32mINSERT INTO `messages` (`user_id`, `content`, `created_at`, `updated_at`) VALUES (1, 'Nice one', '2024-12-11 10:41:34.305136', '2024-12-11 10:41:34.305136')[0m
  [1m[36mTRANSACTION (2.4ms)[0m  [1m[35mCOMMIT[0m
  [1m[36mTRANSACTION (0.2ms)[0m  [1m[35mBEGIN[0m
  [1m[36mMessage Create (0.9ms)[0m  [1m[32mINSERT INTO `messages` (`user_id`, `content`, `created_at`, `updated_at`) VALUES (1, 'Excellent', '2024-12-11 10:41:46.569356', '2024-12-11 10:41:46.569356')[0m
  [1m[36mTRANSACTION (0.6ms)[0m  [1m[35mCOMMIT[0m
  [1m[36mTRANSACTION (0.2ms)[0m  [1m[35mBEGIN[0m
  [1m[36mMessage Create (3.1ms)[0m  [1m[32mINSERT INTO `messages` (`user_id`, `content`, `created_at`, `updated_at`) VALUES (1, 'Excellent one', '2024-12-11 10:41:50.673486', '2024-12-11 10:41:50.673486')[0m
  [1m[36mTRANSACTION (0.8ms)[0m  [1m[35mCOMMIT[0m
  [1m[36mMessage Load (0.5ms)[0m  [1m[34mSELECT `messages`.* FROM `messages` WHERE `messages`.`user_id` = 1[0m
  [1m[36mMessage Count (33.4ms)[0m  [1m[34mSELECT COUNT(*) FROM `messages` WHERE `messages`.`user_id` = 1[0m
  [1m[36mMessage Count (0.4ms)[0m  [1m[34mSELECT COUNT(*) FROM `messages` WHERE `messages`.`user_id` = 1[0m
Started GET "/" for ::1 at 2024-12-12 12:24:00 +0530
  [1m[36mActiveRecord::SchemaMigration Load (47.7ms)[0m  [1m[34mSELECT `schema_migrations`.`version` FROM `schema_migrations` ORDER BY `schema_migrations`.`version` ASC[0m
Processing by LandingPageController#index as HTML
  Rendering layout layouts/application.html.erb
  Rendering landing_page/index.html.erb within layouts/application
  Rendered landing_page/_header.html.erb (Duration: 0.7ms | GC: 0.0ms)
  Rendered landing_page/_footer.html (Duration: 0.2ms | GC: 0.0ms)
  Rendered landing_page/index.html.erb within layouts/application (Duration: 3.0ms | GC: 0.0ms)
  Rendered layout layouts/application.html.erb (Duration: 162.7ms | GC: 56.2ms)
Completed 200 OK in 190ms (Views: 168.3ms | ActiveRecord: 0.0ms (0 queries, 0 cached) | GC: 57.6ms)


Started GET "/manifest.json" for ::1 at 2024-12-12 12:24:04 +0530
Processing by Rails::PwaController#manifest as JSON
  Rendering pwa/manifest.json.erb
  Rendered pwa/manifest.json.erb (Duration: 0.4ms | GC: 0.0ms)
Completed 200 OK in 2ms (Views: 1.6ms | ActiveRecord: 0.0ms (0 queries, 0 cached) | GC: 0.0ms)


Started GET "/products" for ::1 at 2024-12-12 12:24:49 +0530
Processing by ProductsController#index as HTML
  Rendering layout layouts/application.html.erb
  Rendering products/index.html.erb within layouts/application
  Rendered landing_page/_header.html.erb (Duration: 0.3ms | GC: 0.0ms)
  Rendered landing_page/_footer.html (Duration: 0.0ms | GC: 0.0ms)
  Rendered products/index.html.erb within layouts/application (Duration: 1.1ms | GC: 0.0ms)
  Rendered layout layouts/application.html.erb (Duration: 3.2ms | GC: 0.0ms)
Completed 200 OK in 5ms (Views: 4.2ms | ActiveRecord: 0.0ms (0 queries, 0 cached) | GC: 0.0ms)


Started GET "/manifest.json" for ::1 at 2024-12-12 12:24:52 +0530
Processing by Rails::PwaController#manifest as JSON
  Rendering pwa/manifest.json.erb
  Rendered pwa/manifest.json.erb (Duration: 0.2ms | GC: 0.0ms)
Completed 200 OK in 2ms (Views: 0.6ms | ActiveRecord: 0.0ms (0 queries, 0 cached) | GC: 0.0ms)


Started GET "/super_admin" for ::1 at 2024-12-12 12:26:03 +0530
  
ActionController::RoutingError (No route matches [GET] "/super_admin"):
  
Started GET "/favicon.ico" for ::1 at 2024-12-12 12:26:04 +0530
  
ActionController::RoutingError (No route matches [GET] "/favicon.ico"):
  
Started GET "/admin" for ::1 at 2024-12-12 12:26:10 +0530
  
ActionController::RoutingError (No route matches [GET] "/admin"):
  
Started GET "/" for ::1 at 2024-12-12 12:27:08 +0530
Processing by LandingPageController#index as HTML
  Rendering layout layouts/application.html.erb
  Rendering landing_page/index.html.erb within layouts/application
  Rendered landing_page/_header.html.erb (Duration: 0.4ms | GC: 0.0ms)
  Rendered landing_page/_footer.html (Duration: 0.0ms | GC: 0.0ms)
  Rendered landing_page/index.html.erb within layouts/application (Duration: 0.8ms | GC: 0.0ms)
  Rendered layout layouts/application.html.erb (Duration: 5.6ms | GC: 0.0ms)
Completed 200 OK in 7ms (Views: 6.2ms | ActiveRecord: 0.0ms (0 queries, 0 cached) | GC: 0.0ms)


Started GET "/manifest.json" for ::1 at 2024-12-12 12:27:19 +0530
Processing by Rails::PwaController#manifest as JSON
  Rendering pwa/manifest.json.erb
  Rendered pwa/manifest.json.erb (Duration: 0.1ms | GC: 0.0ms)
Completed 200 OK in 1ms (Views: 0.4ms | ActiveRecord: 0.0ms (0 queries, 0 cached) | GC: 0.0ms)


Started GET "/" for ::1 at 2024-12-12 12:27:27 +0530
Processing by LandingPageController#index as HTML
  Rendering layout layouts/application.html.erb
  Rendering landing_page/index.html.erb within layouts/application
  Rendered landing_page/_header.html.erb (Duration: 0.3ms | GC: 0.0ms)
  Rendered landing_page/_footer.html (Duration: 0.1ms | GC: 0.0ms)
  Rendered landing_page/index.html.erb within layouts/application (Duration: 1.0ms | GC: 0.0ms)
  Rendered layout layouts/application.html.erb (Duration: 3.6ms | GC: 0.0ms)
Completed 200 OK in 5ms (Views: 4.1ms | ActiveRecord: 0.0ms (0 queries, 0 cached) | GC: 0.0ms)


Started GET "/manifest.json" for ::1 at 2024-12-12 12:27:27 +0530
Processing by Rails::PwaController#manifest as JSON
  Rendering pwa/manifest.json.erb
  Rendered pwa/manifest.json.erb (Duration: 0.1ms | GC: 0.0ms)
Completed 200 OK in 1ms (Views: 0.6ms | ActiveRecord: 0.0ms (0 queries, 0 cached) | GC: 0.0ms)


Started GET "/" for ::1 at 2024-12-12 12:34:06 +0530
Processing by LandingPageController#index as HTML
  Rendering layout layouts/application.html.erb
  Rendering landing_page/index.html.erb within layouts/application
  Rendered landing_page/_header.html.erb (Duration: 0.7ms | GC: 0.0ms)
  Rendered landing_page/_footer.html (Duration: 0.2ms | GC: 0.0ms)
  Rendered landing_page/index.html.erb within layouts/application (Duration: 3.1ms | GC: 0.5ms)
  Rendered layout layouts/application.html.erb (Duration: 11.8ms | GC: 3.1ms)
Completed 200 OK in 16ms (Views: 13.8ms | ActiveRecord: 0.0ms (0 queries, 0 cached) | GC: 3.1ms)


Started GET "/manifest.json" for ::1 at 2024-12-12 12:34:06 +0530
Processing by Rails::PwaController#manifest as JSON
  Rendering pwa/manifest.json.erb
  Rendered pwa/manifest.json.erb (Duration: 0.3ms | GC: 0.0ms)
Completed 200 OK in 4ms (Views: 2.2ms | ActiveRecord: 0.0ms (0 queries, 0 cached) | GC: 0.0ms)


Started GET "/" for ::1 at 2024-12-12 12:34:27 +0530
Processing by LandingPageController#index as HTML
  Rendering layout layouts/application.html.erb
  Rendering landing_page/index.html.erb within layouts/application
  Rendered landing_page/_header.html.erb (Duration: 0.3ms | GC: 0.0ms)
  Rendered landing_page/_footer.html (Duration: 0.0ms | GC: 0.0ms)
  Rendered landing_page/index.html.erb within layouts/application (Duration: 0.7ms | GC: 0.0ms)
  Rendered layout layouts/application.html.erb (Duration: 4.0ms | GC: 0.0ms)
Completed 200 OK in 5ms (Views: 4.4ms | ActiveRecord: 0.0ms (0 queries, 0 cached) | GC: 0.3ms)


Started GET "/manifest.json" for ::1 at 2024-12-12 12:34:27 +0530
Processing by Rails::PwaController#manifest as JSON
  Rendering pwa/manifest.json.erb
  Rendered pwa/manifest.json.erb (Duration: 0.1ms | GC: 0.0ms)
Completed 200 OK in 1ms (Views: 0.4ms | ActiveRecord: 0.0ms (0 queries, 0 cached) | GC: 0.0ms)


Started GET "/" for ::1 at 2024-12-12 12:34:54 +0530
Processing by LandingPageController#index as HTML
  Rendering layout layouts/application.html.erb
  Rendering landing_page/index.html.erb within layouts/application
  Rendered landing_page/_header.html.erb (Duration: 0.6ms | GC: 0.0ms)
  Rendered landing_page/_footer.html (Duration: 0.2ms | GC: 0.0ms)
  Rendered landing_page/index.html.erb within layouts/application (Duration: 2.3ms | GC: 0.0ms)
  Rendered layout layouts/application.html.erb (Duration: 7.1ms | GC: 0.5ms)
Completed 200 OK in 10ms (Views: 8.8ms | ActiveRecord: 0.0ms (0 queries, 0 cached) | GC: 0.5ms)


Started GET "/manifest.json" for ::1 at 2024-12-12 12:34:54 +0530
Processing by Rails::PwaController#manifest as JSON
  Rendering pwa/manifest.json.erb
  Rendered pwa/manifest.json.erb (Duration: 0.3ms | GC: 0.0ms)
Completed 200 OK in 2ms (Views: 1.4ms | ActiveRecord: 0.0ms (0 queries, 0 cached) | GC: 0.0ms)


Started GET "/contact" for ::1 at 2024-12-12 12:34:56 +0530
Processing by LandingPageController#contact as HTML
  Rendering layout layouts/application.html.erb
  Rendering landing_page/contact.html.erb within layouts/application
  Rendered landing_page/_header.html.erb (Duration: 0.3ms | GC: 0.0ms)
  Rendered landing_page/_footer.html (Duration: 0.0ms | GC: 0.0ms)
  Rendered landing_page/contact.html.erb within layouts/application (Duration: 1.0ms | GC: 0.0ms)
  Rendered layout layouts/application.html.erb (Duration: 4.2ms | GC: 0.3ms)
Completed 200 OK in 5ms (Views: 4.6ms | ActiveRecord: 0.0ms (0 queries, 0 cached) | GC: 0.3ms)


Started GET "/" for ::1 at 2024-12-12 12:34:58 +0530
Processing by LandingPageController#index as HTML
  Rendering layout layouts/application.html.erb
  Rendering landing_page/index.html.erb within layouts/application
  Rendered landing_page/_header.html.erb (Duration: 0.3ms | GC: 0.0ms)
  Rendered landing_page/_footer.html (Duration: 0.0ms | GC: 0.0ms)
  Rendered landing_page/index.html.erb within layouts/application (Duration: 0.7ms | GC: 0.0ms)
  Rendered layout layouts/application.html.erb (Duration: 4.0ms | GC: 0.6ms)
Completed 200 OK in 5ms (Views: 4.4ms | ActiveRecord: 0.0ms (0 queries, 0 cached) | GC: 0.6ms)


Started GET "/manifest.json" for ::1 at 2024-12-12 12:34:58 +0530
Processing by Rails::PwaController#manifest as JSON
  Rendering pwa/manifest.json.erb
  Rendered pwa/manifest.json.erb (Duration: 0.1ms | GC: 0.0ms)
Completed 200 OK in 1ms (Views: 0.5ms | ActiveRecord: 0.0ms (0 queries, 0 cached) | GC: 0.0ms)


Started GET "/" for ::1 at 2024-12-12 12:35:34 +0530
Processing by LandingPageController#index as HTML
  Rendering layout layouts/application.html.erb
  Rendering landing_page/index.html.erb within layouts/application
  Rendered landing_page/_header.html.erb (Duration: 0.3ms | GC: 0.0ms)
  Rendered landing_page/_footer.html (Duration: 0.0ms | GC: 0.0ms)
  Rendered landing_page/index.html.erb within layouts/application (Duration: 0.9ms | GC: 0.0ms)
  Rendered layout layouts/application.html.erb (Duration: 3.4ms | GC: 0.2ms)
Completed 200 OK in 5ms (Views: 3.8ms | ActiveRecord: 0.0ms (0 queries, 0 cached) | GC: 0.2ms)


Started GET "/manifest.json" for ::1 at 2024-12-12 12:35:35 +0530
Processing by Rails::PwaController#manifest as JSON
  Rendering pwa/manifest.json.erb
  Rendered pwa/manifest.json.erb (Duration: 0.1ms | GC: 0.0ms)
Completed 200 OK in 1ms (Views: 0.4ms | ActiveRecord: 0.0ms (0 queries, 0 cached) | GC: 0.0ms)


Started GET "/" for ::1 at 2024-12-12 12:35:40 +0530
Processing by LandingPageController#index as HTML
  Rendering layout layouts/application.html.erb
  Rendering landing_page/index.html.erb within layouts/application
  Rendered landing_page/_header.html.erb (Duration: 0.3ms | GC: 0.0ms)
  Rendered landing_page/_footer.html (Duration: 0.0ms | GC: 0.0ms)
  Rendered landing_page/index.html.erb within layouts/application (Duration: 0.6ms | GC: 0.0ms)
  Rendered layout layouts/application.html.erb (Duration: 3.0ms | GC: 0.0ms)
Completed 200 OK in 4ms (Views: 3.4ms | ActiveRecord: 0.0ms (0 queries, 0 cached) | GC: 0.0ms)


Started GET "/manifest.json" for ::1 at 2024-12-12 12:35:40 +0530
Processing by Rails::PwaController#manifest as JSON
  Rendering pwa/manifest.json.erb
  Rendered pwa/manifest.json.erb (Duration: 0.1ms | GC: 0.0ms)
Completed 200 OK in 2ms (Views: 0.7ms | ActiveRecord: 0.0ms (0 queries, 0 cached) | GC: 0.0ms)


Started GET "/contact" for ::1 at 2024-12-12 12:35:41 +0530
Processing by LandingPageController#contact as HTML
  Rendering layout layouts/application.html.erb
  Rendering landing_page/contact.html.erb within layouts/application
  Rendered landing_page/_header.html.erb (Duration: 0.4ms | GC: 0.0ms)
  Rendered landing_page/_footer.html (Duration: 0.0ms | GC: 0.0ms)
  Rendered landing_page/contact.html.erb within layouts/application (Duration: 1.0ms | GC: 0.0ms)
  Rendered layout layouts/application.html.erb (Duration: 3.4ms | GC: 0.0ms)
Completed 200 OK in 5ms (Views: 3.8ms | ActiveRecord: 0.0ms (0 queries, 0 cached) | GC: 0.0ms)


Started GET "/" for ::1 at 2024-12-12 12:35:43 +0530
Processing by LandingPageController#index as HTML
  Rendering layout layouts/application.html.erb
  Rendering landing_page/index.html.erb within layouts/application
  Rendered landing_page/_header.html.erb (Duration: 0.3ms | GC: 0.0ms)
  Rendered landing_page/_footer.html (Duration: 0.0ms | GC: 0.0ms)
  Rendered landing_page/index.html.erb within layouts/application (Duration: 0.7ms | GC: 0.0ms)
  Rendered layout layouts/application.html.erb (Duration: 3.3ms | GC: 0.0ms)
Completed 200 OK in 4ms (Views: 3.7ms | ActiveRecord: 0.0ms (0 queries, 0 cached) | GC: 0.0ms)


Started GET "/manifest.json" for ::1 at 2024-12-12 12:35:43 +0530
Processing by Rails::PwaController#manifest as JSON
  Rendering pwa/manifest.json.erb
  Rendered pwa/manifest.json.erb (Duration: 0.1ms | GC: 0.0ms)
Completed 200 OK in 1ms (Views: 0.5ms | ActiveRecord: 0.0ms (0 queries, 0 cached) | GC: 0.0ms)


Started GET "/" for ::1 at 2024-12-12 12:35:50 +0530
Processing by LandingPageController#index as HTML
  Rendering layout layouts/application.html.erb
  Rendering landing_page/index.html.erb within layouts/application
  Rendered landing_page/_header.html.erb (Duration: 0.6ms | GC: 0.0ms)
  Rendered landing_page/_footer.html (Duration: 0.2ms | GC: 0.0ms)
  Rendered landing_page/index.html.erb within layouts/application (Duration: 2.6ms | GC: 0.0ms)
  Rendered layout layouts/application.html.erb (Duration: 7.6ms | GC: 0.4ms)
Completed 200 OK in 12ms (Views: 9.8ms | ActiveRecord: 0.0ms (0 queries, 0 cached) | GC: 0.5ms)


Started GET "/manifest.json" for ::1 at 2024-12-12 12:35:50 +0530
Processing by Rails::PwaController#manifest as JSON
  Rendering pwa/manifest.json.erb
  Rendered pwa/manifest.json.erb (Duration: 0.3ms | GC: 0.0ms)
Completed 200 OK in 2ms (Views: 1.7ms | ActiveRecord: 0.0ms (0 queries, 0 cached) | GC: 0.0ms)


Started GET "/" for ::1 at 2024-12-12 12:35:51 +0530
Processing by LandingPageController#index as HTML
  Rendering layout layouts/application.html.erb
  Rendering landing_page/index.html.erb within layouts/application
  Rendered landing_page/_header.html.erb (Duration: 0.4ms | GC: 0.0ms)
  Rendered landing_page/_footer.html (Duration: 0.0ms | GC: 0.0ms)
  Rendered landing_page/index.html.erb within layouts/application (Duration: 1.0ms | GC: 0.0ms)
  Rendered layout layouts/application.html.erb (Duration: 3.4ms | GC: 0.0ms)
Completed 200 OK in 5ms (Views: 4.1ms | ActiveRecord: 0.0ms (0 queries, 0 cached) | GC: 0.0ms)


Started GET "/manifest.json" for ::1 at 2024-12-12 12:35:51 +0530
Processing by Rails::PwaController#manifest as JSON
  Rendering pwa/manifest.json.erb
  Rendered pwa/manifest.json.erb (Duration: 0.1ms | GC: 0.0ms)
Completed 200 OK in 1ms (Views: 0.6ms | ActiveRecord: 0.0ms (0 queries, 0 cached) | GC: 0.0ms)


Started GET "/" for ::1 at 2024-12-12 12:36:49 +0530
Processing by LandingPageController#index as HTML
  Rendering layout layouts/application.html.erb
  Rendering landing_page/index.html.erb within layouts/application
  Rendered landing_page/_header.html.erb (Duration: 0.7ms | GC: 0.0ms)
  Rendered landing_page/_footer.html (Duration: 0.2ms | GC: 0.0ms)
  Rendered landing_page/index.html.erb within layouts/application (Duration: 2.1ms | GC: 0.0ms)
  Rendered layout layouts/application.html.erb (Duration: 7.9ms | GC: 0.0ms)
Completed 200 OK in 11ms (Views: 9.7ms | ActiveRecord: 0.0ms (0 queries, 0 cached) | GC: 0.0ms)


Started GET "/manifest.json" for ::1 at 2024-12-12 12:36:50 +0530
Processing by Rails::PwaController#manifest as JSON
  Rendering pwa/manifest.json.erb
  Rendered pwa/manifest.json.erb (Duration: 0.8ms | GC: 0.0ms)
Completed 200 OK in 3ms (Views: 2.1ms | ActiveRecord: 0.0ms (0 queries, 0 cached) | GC: 0.0ms)


Started GET "/super_admin/dashboards" for ::1 at 2024-12-12 12:36:50 +0530
  
ActionController::RoutingError (uninitialized constant SuperAdmin::DashboardsController):

Causes:
ActionDispatch::MissingController (uninitialized constant SuperAdmin::DashboardsController)
NameError (uninitialized constant SuperAdmin::DashboardsController)
  
Started GET "/super_admin/dashboards" for ::1 at 2024-12-12 12:38:10 +0530
  
NameError (uninitialized constant SuperAdmin::BaseController):
  
app/controllers/super_admin/dashboards_controller.rb:2:in `<module:SuperAdmin>'
app/controllers/super_admin/dashboards_controller.rb:1:in `<main>'
Started GET "/super_admin/dashboards" for ::1 at 2024-12-12 12:38:40 +0530
Processing by SuperAdmin::DashboardsController#index as HTML
Completed 500 Internal Server Error in 1ms (ActiveRecord: 0.0ms (0 queries, 0 cached) | GC: 0.0ms)


  
NameError (uninitialized constant SuperAdmin::DashboardPresenter):
  
app/controllers/super_admin/dashboards_controller.rb:4:in `index'
Started GET "/super_admin/dashboards" for ::1 at 2024-12-12 12:38:48 +0530
Processing by SuperAdmin::DashboardsController#index as HTML
Completed 406 Not Acceptable in 2ms (ActiveRecord: 0.0ms (0 queries, 0 cached) | GC: 0.5ms)


  
ActionController::MissingExactTemplate (SuperAdmin::DashboardsController#index is missing a template for request formats: text/html):
  
actionpack (7.2.1) lib/action_controller/metal/implicit_render.rb:49:in `default_render'
actionpack (7.2.1) lib/action_controller/metal/basic_implicit_render.rb:9:in `send_action'
actionpack (7.2.1) lib/abstract_controller/base.rb:226:in `process_action'
actionpack (7.2.1) lib/action_controller/metal/rendering.rb:193:in `process_action'
actionpack (7.2.1) lib/abstract_controller/callbacks.rb:261:in `block in process_action'
activesupport (7.2.1) lib/active_support/callbacks.rb:121:in `block in run_callbacks'
turbo-rails (2.0.6) lib/turbo-rails.rb:24:in `with_request_id'
turbo-rails (2.0.6) app/controllers/concerns/turbo/request_id_tracking.rb:10:in `turbo_tracking_request_id'
activesupport (7.2.1) lib/active_support/callbacks.rb:130:in `block in run_callbacks'
actiontext (7.2.1) lib/action_text/rendering.rb:25:in `with_renderer'
actiontext (7.2.1) lib/action_text/engine.rb:71:in `block (4 levels) in <class:Engine>'
activesupport (7.2.1) lib/active_support/callbacks.rb:130:in `instance_exec'
activesupport (7.2.1) lib/active_support/callbacks.rb:130:in `block in run_callbacks'
activesupport (7.2.1) lib/active_support/callbacks.rb:141:in `run_callbacks'
actionpack (7.2.1) lib/abstract_controller/callbacks.rb:260:in `process_action'
actionpack (7.2.1) lib/action_controller/metal/rescue.rb:27:in `process_action'
actionpack (7.2.1) lib/action_controller/metal/instrumentation.rb:77:in `block in process_action'
activesupport (7.2.1) lib/active_support/notifications.rb:210:in `block in instrument'
activesupport (7.2.1) lib/active_support/notifications/instrumenter.rb:58:in `instrument'
activesupport (7.2.1) lib/active_support/notifications.rb:210:in `instrument'
actionpack (7.2.1) lib/action_controller/metal/instrumentation.rb:76:in `process_action'
actionpack (7.2.1) lib/action_controller/metal/params_wrapper.rb:259:in `process_action'
activerecord (7.2.1) lib/active_record/railties/controller_runtime.rb:39:in `process_action'
actionpack (7.2.1) lib/abstract_controller/base.rb:163:in `process'
actionview (7.2.1) lib/action_view/rendering.rb:40:in `process'
actionpack (7.2.1) lib/action_controller/metal.rb:252:in `dispatch'
actionpack (7.2.1) lib/action_controller/metal.rb:335:in `dispatch'
actionpack (7.2.1) lib/action_dispatch/routing/route_set.rb:67:in `dispatch'
actionpack (7.2.1) lib/action_dispatch/routing/route_set.rb:50:in `serve'
actionpack (7.2.1) lib/action_dispatch/journey/router.rb:53:in `block in serve'
actionpack (7.2.1) lib/action_dispatch/journey/router.rb:133:in `block in find_routes'
actionpack (7.2.1) lib/action_dispatch/journey/router.rb:126:in `each'
actionpack (7.2.1) lib/action_dispatch/journey/router.rb:126:in `find_routes'
actionpack (7.2.1) lib/action_dispatch/journey/router.rb:34:in `serve'
actionpack (7.2.1) lib/action_dispatch/routing/route_set.rb:896:in `call'
rack (3.1.7) lib/rack/tempfile_reaper.rb:20:in `call'
rack (3.1.7) lib/rack/etag.rb:29:in `call'
rack (3.1.7) lib/rack/conditional_get.rb:31:in `call'
rack (3.1.7) lib/rack/head.rb:15:in `call'
actionpack (7.2.1) lib/action_dispatch/http/permissions_policy.rb:38:in `call'
actionpack (7.2.1) lib/action_dispatch/http/content_security_policy.rb:36:in `call'
rack-session (2.0.0) lib/rack/session/abstract/id.rb:272:in `context'
rack-session (2.0.0) lib/rack/session/abstract/id.rb:266:in `call'
actionpack (7.2.1) lib/action_dispatch/middleware/cookies.rb:704:in `call'
activerecord (7.2.1) lib/active_record/migration.rb:674:in `call'
actionpack (7.2.1) lib/action_dispatch/middleware/callbacks.rb:31:in `block in call'
activesupport (7.2.1) lib/active_support/callbacks.rb:101:in `run_callbacks'
actionpack (7.2.1) lib/action_dispatch/middleware/callbacks.rb:30:in `call'
actionpack (7.2.1) lib/action_dispatch/middleware/executor.rb:16:in `call'
actionpack (7.2.1) lib/action_dispatch/middleware/actionable_exceptions.rb:18:in `call'
actionpack (7.2.1) lib/action_dispatch/middleware/debug_exceptions.rb:31:in `call'
web-console (4.2.1) lib/web_console/middleware.rb:132:in `call_app'
web-console (4.2.1) lib/web_console/middleware.rb:28:in `block in call'
web-console (4.2.1) lib/web_console/middleware.rb:17:in `catch'
web-console (4.2.1) lib/web_console/middleware.rb:17:in `call'
actionpack (7.2.1) lib/action_dispatch/middleware/show_exceptions.rb:32:in `call'
railties (7.2.1) lib/rails/rack/logger.rb:41:in `call_app'
railties (7.2.1) lib/rails/rack/logger.rb:29:in `call'
sprockets-rails (3.5.2) lib/sprockets/rails/quiet_assets.rb:17:in `call'
actionpack (7.2.1) lib/action_dispatch/middleware/remote_ip.rb:96:in `call'
actionpack (7.2.1) lib/action_dispatch/middleware/request_id.rb:33:in `call'
rack (3.1.7) lib/rack/method_override.rb:28:in `call'
rack (3.1.7) lib/rack/runtime.rb:24:in `call'
activesupport (7.2.1) lib/active_support/cache/strategy/local_cache_middleware.rb:29:in `call'
actionpack (7.2.1) lib/action_dispatch/middleware/server_timing.rb:61:in `block in call'
actionpack (7.2.1) lib/action_dispatch/middleware/server_timing.rb:26:in `collect_events'
actionpack (7.2.1) lib/action_dispatch/middleware/server_timing.rb:60:in `call'
actionpack (7.2.1) lib/action_dispatch/middleware/executor.rb:16:in `call'
actionpack (7.2.1) lib/action_dispatch/middleware/static.rb:27:in `call'
rack (3.1.7) lib/rack/sendfile.rb:114:in `call'
actionpack (7.2.1) lib/action_dispatch/middleware/host_authorization.rb:143:in `call'
railties (7.2.1) lib/rails/engine.rb:535:in `call'
puma (6.4.2) lib/puma/configuration.rb:272:in `call'
puma (6.4.2) lib/puma/request.rb:100:in `block in handle_request'
puma (6.4.2) lib/puma/thread_pool.rb:378:in `with_force_shutdown'
puma (6.4.2) lib/puma/request.rb:99:in `handle_request'
puma (6.4.2) lib/puma/server.rb:464:in `process_client'
puma (6.4.2) lib/puma/server.rb:245:in `block in run'
puma (6.4.2) lib/puma/thread_pool.rb:155:in `block in spawn_thread'
Started GET "/super_admin/dashboards" for ::1 at 2024-12-12 12:40:28 +0530
Processing by SuperAdmin::DashboardsController#index as HTML
  Rendering layout layouts/application.html.erb
  Rendering super_admin/dashboards/index.html.erb within layouts/application
  Rendered super_admin/dashboards/index.html.erb within layouts/application (Duration: 1.4ms | GC: 0.0ms)
  Rendered layout layouts/application.html.erb (Duration: 1.6ms | GC: 0.0ms)
Completed 500 Internal Server Error in 4ms (ActiveRecord: 0.0ms (0 queries, 0 cached) | GC: 0.0ms)


  
ActionView::Template::Error (uninitialized constant #<Class:0x000000010854a520>::Platform):

Causes:
NameError (uninitialized constant #<Class:0x000000010854a520>::Platform)
     6:       <%= form_tag super_admin_dashboards_path, method: :get, class: "row g-3", id: 'search_platform' do %>
     7:         <div class="dropdown-container d-inline-block position-relative">
     8:           <%= select_tag :platform_id,
     9:             options_from_collection_for_select(Platform.all, :id, :name, current_platform.id),
    10:             {class: "form-control dropdown-select w-100", onchange: 'submitForm()' } %>
    11:           <i class="fa fa-chevron-down dropdown-icon position-absolute"></i>
    12:         </div>
  
app/views/super_admin/dashboards/index.html.erb:9
app/views/super_admin/dashboards/index.html.erb:6
Started GET "/super_admin/dashboards" for ::1 at 2024-12-12 12:40:43 +0530
Processing by SuperAdmin::DashboardsController#index as HTML
  Rendering layout layouts/application.html.erb
  Rendering super_admin/dashboards/index.html.erb within layouts/application
  Rendered super_admin/dashboards/index.html.erb within layouts/application (Duration: 1.3ms | GC: 0.0ms)
  Rendered layout layouts/application.html.erb (Duration: 1.6ms | GC: 0.0ms)
Completed 500 Internal Server Error in 5ms (ActiveRecord: 0.0ms (0 queries, 0 cached) | GC: 0.4ms)


  
ActionView::Template::Error (uninitialized constant #<Class:0x000000010850bb90>::Platform):

Causes:
NameError (uninitialized constant #<Class:0x000000010850bb90>::Platform)
     6:       <% form_tag super_admin_dashboards_path, method: :get, class: "row g-3", id: 'search_platform' do %>
     7:         <div class="dropdown-container d-inline-block position-relative">
     8:           <%= select_tag :platform_id,
     9:             options_from_collection_for_select(Platform.all, :id, :name, current_platform.id),
    10:             {class: "form-control dropdown-select w-100", onchange: 'submitForm()' } %>
    11:           <i class="fa fa-chevron-down dropdown-icon position-absolute"></i>
    12:         </div>
  
app/views/super_admin/dashboards/index.html.erb:9
app/views/super_admin/dashboards/index.html.erb:6
Started GET "/super_admin/dashboards" for ::1 at 2024-12-12 12:40:56 +0530
Processing by SuperAdmin::DashboardsController#index as HTML
  Rendering layout layouts/application.html.erb
  Rendering super_admin/dashboards/index.html.erb within layouts/application
  Rendered super_admin/dashboards/index.html.erb within layouts/application (Duration: 1.6ms | GC: 0.0ms)
  Rendered layout layouts/application.html.erb (Duration: 1.8ms | GC: 0.0ms)
Completed 500 Internal Server Error in 5ms (ActiveRecord: 0.0ms (0 queries, 0 cached) | GC: 0.4ms)


  
ActionView::Template::Error (undefined method `total_patients' for nil:NilClass):

Causes:
NoMethodError (undefined method `total_patients' for nil:NilClass)
     8:   </div>
     9:   <div class="dashboard-cards">
    10:     <div class="row info-cards mt-4" >
    11:       <%= stats_box(@presenter.total_patients, "Users", "users") %>
    12:       <%= stats_box(@presenter.total_assessments, "Assessments", "flask-vial") %>
    13:       <%= stats_box(@presenter.todays_users, "New Users Today", "user-plus") %>
    14:       <%= stats_box(@presenter.todays_assessments, "New Assessments Today", "flask") %>
  
app/views/super_admin/dashboards/index.html.erb:11
Started GET "/super_admin/dashboards" for ::1 at 2024-12-12 12:41:06 +0530
Processing by SuperAdmin::DashboardsController#index as HTML
  Rendering layout layouts/application.html.erb
  Rendering super_admin/dashboards/index.html.erb within layouts/application
  Rendered super_admin/dashboards/index.html.erb within layouts/application (Duration: 1.2ms | GC: 0.0ms)
  Rendered layout layouts/application.html.erb (Duration: 1.4ms | GC: 0.0ms)
Completed 500 Internal Server Error in 4ms (ActiveRecord: 0.0ms (0 queries, 0 cached) | GC: 0.0ms)


  
ActionView::Template::Error (undefined method `users_signup_trend' for nil:NilClass):

Causes:
NoMethodError (undefined method `users_signup_trend' for nil:NilClass)
    35: 
    36: <script type="text/javascript">
    37:   var options = {
    38:     series: <%= @presenter.users_signup_trend[:series].to_json.html_safe %>,
    39:       chart: {
    40:       height: 350,
    41:       type: 'area'
  
app/views/super_admin/dashboards/index.html.erb:38
Started GET "/super_admin/dashboards" for ::1 at 2024-12-12 12:41:09 +0530
Processing by SuperAdmin::DashboardsController#index as HTML
  Rendering layout layouts/application.html.erb
  Rendering super_admin/dashboards/index.html.erb within layouts/application
  Rendered super_admin/dashboards/index.html.erb within layouts/application (Duration: 0.8ms | GC: 0.0ms)
  Rendered layout layouts/application.html.erb (Duration: 1.1ms | GC: 0.0ms)
Completed 500 Internal Server Error in 2ms (ActiveRecord: 0.0ms (0 queries, 0 cached) | GC: 0.0ms)


  
ActionView::Template::Error (undefined method `users_signup_trend' for nil:NilClass):

Causes:
NoMethodError (undefined method `users_signup_trend' for nil:NilClass)
    35: 
    36: <script type="text/javascript">
    37:   var options = {
    38:     series: <%= @presenter.users_signup_trend[:series].to_json.html_safe %>,
    39:       chart: {
    40:       height: 350,
    41:       type: 'area'
  
app/views/super_admin/dashboards/index.html.erb:38
Started GET "/super_admin/dashboards" for ::1 at 2024-12-12 12:41:25 +0530
Processing by SuperAdmin::DashboardsController#index as HTML
  Rendering layout layouts/application.html.erb
  Rendering super_admin/dashboards/index.html.erb within layouts/application
  Rendered super_admin/dashboards/index.html.erb within layouts/application (Duration: 1.9ms | GC: 0.0ms)
  Rendered layout layouts/application.html.erb (Duration: 2.7ms | GC: 0.0ms)
Completed 500 Internal Server Error in 8ms (ActiveRecord: 0.0ms (0 queries, 0 cached) | GC: 0.5ms)


  
ActionView::Template::Error (undefined method `users_signup_trend' for nil:NilClass):

Causes:
NoMethodError (undefined method `users_signup_trend' for nil:NilClass)
    57:     },
    58:     xaxis: {
    59:       type: 'datetime',
    60:       categories: <%= @presenter.users_signup_trend[:dates].to_json.html_safe %>,
    61:       <% if current_language.code == "ar" %>
    62:         labels: {
    63:           rotate: 45
  
app/views/super_admin/dashboards/index.html.erb:60
Started GET "/super_admin/dashboards" for ::1 at 2024-12-12 12:41:37 +0530
Processing by SuperAdmin::DashboardsController#index as HTML
  Rendering layout layouts/application.html.erb
  Rendering super_admin/dashboards/index.html.erb within layouts/application
  Rendered super_admin/dashboards/index.html.erb within layouts/application (Duration: 1.1ms | GC: 0.0ms)
  Rendered layout layouts/application.html.erb (Duration: 1.3ms | GC: 0.0ms)
Completed 500 Internal Server Error in 4ms (ActiveRecord: 0.0ms (0 queries, 0 cached) | GC: 0.0ms)


  
ActionView::Template::Error (undefined local variable or method `current_language' for #<ActionView::Base:0x00000000047e78>):

Causes:
NameError (undefined local variable or method `current_language' for #<ActionView::Base:0x00000000047e78>)
    58:     xaxis: {
    59:       type: 'datetime',
    60:       categories: [],
    61:       <% if current_language.code == "ar" %>
    62:         labels: {
    63:           rotate: 45
    64:         },
  
app/views/super_admin/dashboards/index.html.erb:61
Started GET "/super_admin/dashboards" for ::1 at 2024-12-12 12:42:10 +0530
Processing by SuperAdmin::DashboardsController#index as HTML
  Rendering layout layouts/application.html.erb
  Rendering super_admin/dashboards/index.html.erb within layouts/application
  Rendered super_admin/dashboards/index.html.erb within layouts/application (Duration: 1.2ms | GC: 0.0ms)
  Rendered layout layouts/application.html.erb (Duration: 1.4ms | GC: 0.0ms)
Completed 500 Internal Server Error in 5ms (ActiveRecord: 0.0ms (0 queries, 0 cached) | GC: 0.3ms)


  
ActionView::Template::Error (undefined method `sign_up_channel_grouped_count' for nil:NilClass):

Causes:
NoMethodError (undefined method `sign_up_channel_grouped_count' for nil:NilClass)
    85:     document.getElementById('search_platform').submit();
    86:   }
    87: 
    88:   <% sign_up_channel_wise_count = @presenter.sign_up_channel_grouped_count %>
    89: 
    90:   var options = {
    91:     series: <%= sign_up_channel_wise_count.values.to_json.html_safe %>,
  
app/views/super_admin/dashboards/index.html.erb:88
Started GET "/super_admin/dashboards" for ::1 at 2024-12-12 12:42:28 +0530
Processing by SuperAdmin::DashboardsController#index as HTML
  Rendering layout layouts/application.html.erb
  Rendering super_admin/dashboards/index.html.erb within layouts/application
  Rendered super_admin/dashboards/index.html.erb within layouts/application (Duration: 1.1ms | GC: 0.0ms)
  Rendered layout layouts/application.html.erb (Duration: 1.3ms | GC: 0.0ms)
Completed 500 Internal Server Error in 5ms (ActiveRecord: 0.0ms (0 queries, 0 cached) | GC: 0.0ms)


  
ActionView::Template::Error (undefined local variable or method `sign_up_channel_wise_count' for #<ActionView::Base:0x00000000051310>):

Causes:
NameError (undefined local variable or method `sign_up_channel_wise_count' for #<ActionView::Base:0x00000000051310>)
    88: 
    89: 
    90:   var options = {
    91:     series: <%= sign_up_channel_wise_count.values.to_json.html_safe %>,
    92:     colors: <%= ALL_POSSIBLE_COLORS.to_json.html_safe %>,
    93:     fill: {
    94:       type: "gradient",
  
app/views/super_admin/dashboards/index.html.erb:91
Started GET "/super_admin/dashboards" for ::1 at 2024-12-12 12:42:40 +0530
Processing by SuperAdmin::DashboardsController#index as HTML
  Rendering layout layouts/application.html.erb
  Rendering super_admin/dashboards/index.html.erb within layouts/application
  Rendered super_admin/dashboards/index.html.erb within layouts/application (Duration: 1.0ms | GC: 0.0ms)
  Rendered layout layouts/application.html.erb (Duration: 1.3ms | GC: 0.0ms)
Completed 500 Internal Server Error in 5ms (ActiveRecord: 0.0ms (0 queries, 0 cached) | GC: 0.4ms)


  
ActionView::Template::Error (uninitialized constant #<Class:0x0000000108ac56f8>::ALL_POSSIBLE_COLORS):

Causes:
NameError (uninitialized constant #<Class:0x0000000108ac56f8>::ALL_POSSIBLE_COLORS)
    89: 
    90:   var options = {
    91:     series: [],
    92:     colors: <%= ALL_POSSIBLE_COLORS.to_json.html_safe %>,
    93:     fill: {
    94:       type: "gradient",
    95:       gradient: {
  
app/views/super_admin/dashboards/index.html.erb:92
Started GET "/super_admin/dashboards" for ::1 at 2024-12-12 12:43:01 +0530
Processing by SuperAdmin::DashboardsController#index as HTML
  Rendering layout layouts/application.html.erb
  Rendering super_admin/dashboards/index.html.erb within layouts/application
  Rendered super_admin/dashboards/index.html.erb within layouts/application (Duration: 0.6ms | GC: 0.0ms)
  Rendered layout layouts/application.html.erb (Duration: 7.7ms | GC: 0.6ms)
Completed 200 OK in 11ms (Views: 9.2ms | ActiveRecord: 0.0ms (0 queries, 0 cached) | GC: 0.6ms)


Started GET "/manifest.json" for ::1 at 2024-12-12 12:43:02 +0530
Processing by Rails::PwaController#manifest as JSON
  Rendering pwa/manifest.json.erb
  Rendered pwa/manifest.json.erb (Duration: 0.5ms | GC: 0.0ms)
Completed 200 OK in 3ms (Views: 2.4ms | ActiveRecord: 0.0ms (0 queries, 0 cached) | GC: 0.0ms)


Started GET "/super_admin/dashboards" for ::1 at 2024-12-12 12:44:08 +0530
Processing by SuperAdmin::DashboardsController#index as HTML
  Rendering layout layouts/application.html.erb
  Rendering super_admin/dashboards/index.html.erb within layouts/application
  Rendered super_admin/dashboards/index.html.erb within layouts/application (Duration: 0.7ms | GC: 0.0ms)
  Rendered layout layouts/application.html.erb (Duration: 7.9ms | GC: 0.5ms)
Completed 200 OK in 12ms (Views: 10.6ms | ActiveRecord: 0.0ms (0 queries, 0 cached) | GC: 1.0ms)


Started GET "/manifest.json" for ::1 at 2024-12-12 12:44:08 +0530
Processing by Rails::PwaController#manifest as JSON
  Rendering pwa/manifest.json.erb
  Rendered pwa/manifest.json.erb (Duration: 0.4ms | GC: 0.0ms)
Completed 200 OK in 3ms (Views: 2.0ms | ActiveRecord: 0.0ms (0 queries, 0 cached) | GC: 0.0ms)


Started GET "/super_admin/dashboards" for ::1 at 2024-12-12 12:45:38 +0530
Processing by SuperAdmin::DashboardsController#index as HTML
  Rendering layout layouts/application.html.erb
  Rendering super_admin/dashboards/index.html.erb within layouts/application
  Rendered layouts/_super_admin_sidebar.html.erb (Duration: 2.1ms | GC: 0.2ms)
  Rendered super_admin/dashboards/index.html.erb within layouts/application (Duration: 3.2ms | GC: 0.2ms)
  Rendered layout layouts/application.html.erb (Duration: 3.4ms | GC: 0.2ms)
Completed 500 Internal Server Error in 7ms (ActiveRecord: 0.0ms (0 queries, 0 cached) | GC: 0.2ms)


  
ActionView::Template::Error (undefined local variable or method `platform_image_url' for #<ActionView::Base:0x00000000063a10>):

Causes:
NameError (undefined local variable or method `platform_image_url' for #<ActionView::Base:0x00000000063a10>)
    3:     <div class="image-text">
    4:       <div class="text logo-text ps-2 pt-1">
    5:         <%= link_to super_admin_dashboards_path do %>
    6:           <%= image_tag(platform_image_url, alt: "primary hospital logo", height: 40, class: "primary-hospital-desktop-sidebar-logo") %>
    7:         <% end %>
    8:       </div>
    9:     </div>
  
app/views/layouts/_super_admin_sidebar.html.erb:6
app/views/layouts/_super_admin_sidebar.html.erb:5
app/views/super_admin/dashboards/index.html.erb:2
Started GET "/super_admin/dashboards" for ::1 at 2024-12-12 12:46:01 +0530
Processing by SuperAdmin::DashboardsController#index as HTML
  Rendering layout layouts/application.html.erb
  Rendering super_admin/dashboards/index.html.erb within layouts/application
  Rendered layouts/_super_admin_sidebar.html.erb (Duration: 2.5ms | GC: 0.0ms)
  Rendered super_admin/dashboards/index.html.erb within layouts/application (Duration: 3.4ms | GC: 0.0ms)
  Rendered layout layouts/application.html.erb (Duration: 3.7ms | GC: 0.0ms)
Completed 500 Internal Server Error in 7ms (ActiveRecord: 0.0ms (0 queries, 0 cached) | GC: 0.0ms)


  
ActionView::Template::Error (undefined local variable or method `super_admin_version_notes_path' for #<ActionView::Base:0x00000000068588>):

Causes:
NameError (undefined local variable or method `super_admin_version_notes_path' for #<ActionView::Base:0x00000000068588>)
    37:           </a>
    38:           <ul class="collapse nav flex-column pt-2 w-100" id="configuration" data-bs-parent="#menu-links">
    39:             <li class="nav-item w-100 mb-1">
    40:               <%= link_to super_admin_version_notes_path, class: "dropdown-item nav-link py-1 font-size-6" do %>
    41:                 <i class="fa-sharp fa-solid fa-mobile-screen-button icon"></i>
    42:                 <span class="text nav-text">App Versions</span>
    43:               <% end %>
  
app/views/layouts/_super_admin_sidebar.html.erb:40
app/views/super_admin/dashboards/index.html.erb:2
Started GET "/super_admin/dashboards" for ::1 at 2024-12-12 12:46:18 +0530
Processing by SuperAdmin::DashboardsController#index as HTML
  Rendering layout layouts/application.html.erb
  Rendering super_admin/dashboards/index.html.erb within layouts/application
  Rendered layouts/_super_admin_sidebar.html.erb (Duration: 2.3ms | GC: 0.3ms)
  Rendered super_admin/dashboards/index.html.erb within layouts/application (Duration: 3.3ms | GC: 0.3ms)
  Rendered layout layouts/application.html.erb (Duration: 3.5ms | GC: 0.3ms)
Completed 500 Internal Server Error in 7ms (ActiveRecord: 0.0ms (0 queries, 0 cached) | GC: 0.6ms)


  
ActionView::Template::Error (undefined local variable or method `super_admin_landing_pages_path' for #<ActionView::Base:0x0000000006d128>):

Causes:
NameError (undefined local variable or method `super_admin_landing_pages_path' for #<ActionView::Base:0x0000000006d128>)
    41:                 <i class="fa-sharp fa-solid fa-mobile-screen-button icon"></i>
    42:                 <span class="text nav-text">App Versions</span>
    43:               <% end %>
    44:               <%= link_to super_admin_landing_pages_path, class: "dropdown-item nav-link py-1 font-size-6" do %>
    45:                 <i class="fa-sharp fa-solid fa-file-lines icon"></i>
    46:                 <span class="text nav-text">Landing Pages</span>
    47:               <% end %>
  
app/views/layouts/_super_admin_sidebar.html.erb:44
app/views/super_admin/dashboards/index.html.erb:2
Started GET "/super_admin/dashboards" for ::1 at 2024-12-12 12:48:17 +0530
Processing by SuperAdmin::DashboardsController#index as HTML
  Rendering layout layouts/application.html.erb
  Rendering super_admin/dashboards/index.html.erb within layouts/application
  Rendered layouts/_super_admin_sidebar.html.erb (Duration: 2.7ms | GC: 0.4ms)
  Rendered super_admin/dashboards/index.html.erb within layouts/application (Duration: 3.7ms | GC: 0.4ms)
  Rendered layout layouts/application.html.erb (Duration: 10.4ms | GC: 1.0ms)
Completed 200 OK in 13ms (Views: 11.8ms | ActiveRecord: 0.0ms (0 queries, 0 cached) | GC: 1.0ms)


Started GET "/manifest.json" for ::1 at 2024-12-12 12:48:17 +0530
Processing by Rails::PwaController#manifest as JSON
  Rendering pwa/manifest.json.erb
  Rendered pwa/manifest.json.erb (Duration: 0.5ms | GC: 0.0ms)
Completed 200 OK in 3ms (Views: 2.7ms | ActiveRecord: 0.0ms (0 queries, 0 cached) | GC: 0.0ms)


Started GET "/super_admin/dashboards" for ::1 at 2024-12-12 12:48:31 +0530
Processing by SuperAdmin::DashboardsController#index as HTML
  Rendering layout layouts/application.html.erb
  Rendering super_admin/dashboards/index.html.erb within layouts/application
  Rendered layouts/_super_admin_sidebar.html.erb (Duration: 1.4ms | GC: 0.0ms)
  Rendered super_admin/dashboards/index.html.erb within layouts/application (Duration: 1.9ms | GC: 0.0ms)
  Rendered layout layouts/application.html.erb (Duration: 5.5ms | GC: 0.4ms)
Completed 200 OK in 7ms (Views: 6.1ms | ActiveRecord: 0.0ms (0 queries, 0 cached) | GC: 0.4ms)


Started GET "/manifest.json" for ::1 at 2024-12-12 12:48:31 +0530
Processing by Rails::PwaController#manifest as JSON
  Rendering pwa/manifest.json.erb
  Rendered pwa/manifest.json.erb (Duration: 0.1ms | GC: 0.0ms)
Completed 200 OK in 1ms (Views: 0.4ms | ActiveRecord: 0.0ms (0 queries, 0 cached) | GC: 0.0ms)


Started GET "/super_admin/dashboards" for ::1 at 2024-12-12 12:48:34 +0530
Processing by SuperAdmin::DashboardsController#index as HTML
  Rendering layout layouts/application.html.erb
  Rendering super_admin/dashboards/index.html.erb within layouts/application
  Rendered layouts/_super_admin_sidebar.html.erb (Duration: 1.1ms | GC: 0.0ms)
  Rendered super_admin/dashboards/index.html.erb within layouts/application (Duration: 1.5ms | GC: 0.0ms)
  Rendered layout layouts/application.html.erb (Duration: 3.1ms | GC: 0.0ms)
Completed 200 OK in 4ms (Views: 3.4ms | ActiveRecord: 0.0ms (0 queries, 0 cached) | GC: 0.0ms)


Started GET "/manifest.json" for ::1 at 2024-12-12 12:48:34 +0530
Processing by Rails::PwaController#manifest as JSON
  Rendering pwa/manifest.json.erb
  Rendered pwa/manifest.json.erb (Duration: 0.1ms | GC: 0.0ms)
Completed 200 OK in 1ms (Views: 0.4ms | ActiveRecord: 0.0ms (0 queries, 0 cached) | GC: 0.0ms)


Started DELETE "/super_admin/dashboards" for ::1 at 2024-12-12 12:48:39 +0530
  
ActionController::RoutingError (No route matches [DELETE] "/super_admin/dashboards"):
  
Started GET "/manifest.json" for ::1 at 2024-12-12 12:48:41 +0530
Processing by Rails::PwaController#manifest as JSON
  Rendering pwa/manifest.json.erb
  Rendered pwa/manifest.json.erb (Duration: 0.2ms | GC: 0.0ms)
Completed 200 OK in 1ms (Views: 0.7ms | ActiveRecord: 0.0ms (0 queries, 0 cached) | GC: 0.0ms)


Started GET "/super_admin/dashboards" for ::1 at 2024-12-12 12:49:01 +0530
Processing by SuperAdmin::DashboardsController#index as HTML
  Rendering layout layouts/application.html.erb
  Rendering super_admin/dashboards/index.html.erb within layouts/application
  Rendered layouts/_super_admin_sidebar.html.erb (Duration: 2.8ms | GC: 0.1ms)
  Rendered super_admin/dashboards/index.html.erb within layouts/application (Duration: 4.3ms | GC: 0.1ms)
  Rendered layout layouts/application.html.erb (Duration: 10.7ms | GC: 0.3ms)
Completed 200 OK in 14ms (Views: 12.3ms | ActiveRecord: 0.0ms (0 queries, 0 cached) | GC: 0.3ms)


Started GET "/manifest.json" for ::1 at 2024-12-12 12:49:01 +0530
Processing by Rails::PwaController#manifest as JSON
  Rendering pwa/manifest.json.erb
  Rendered pwa/manifest.json.erb (Duration: 0.4ms | GC: 0.0ms)
Completed 200 OK in 2ms (Views: 1.9ms | ActiveRecord: 0.0ms (0 queries, 0 cached) | GC: 0.0ms)


Started GET "/super_admin/dashboards" for ::1 at 2024-12-12 12:49:23 +0530
Processing by SuperAdmin::DashboardsController#index as HTML
  Rendering layout layouts/application.html.erb
  Rendering super_admin/dashboards/index.html.erb within layouts/application
  Rendered layouts/_super_admin_sidebar.html.erb (Duration: 2.5ms | GC: 0.0ms)
  Rendered super_admin/dashboards/index.html.erb within layouts/application (Duration: 3.6ms | GC: 0.0ms)
  Rendered layout layouts/application.html.erb (Duration: 8.5ms | GC: 0.0ms)
Completed 200 OK in 11ms (Views: 9.9ms | ActiveRecord: 0.0ms (0 queries, 0 cached) | GC: 0.0ms)


Started GET "/manifest.json" for ::1 at 2024-12-12 12:49:23 +0530
Processing by Rails::PwaController#manifest as JSON
  Rendering pwa/manifest.json.erb
  Rendered pwa/manifest.json.erb (Duration: 0.3ms | GC: 0.0ms)
Completed 200 OK in 2ms (Views: 1.5ms | ActiveRecord: 0.0ms (0 queries, 0 cached) | GC: 0.0ms)


Started GET "/super_admin/dashboards" for ::1 at 2024-12-12 12:49:46 +0530
Processing by SuperAdmin::DashboardsController#index as HTML
  Rendering layout layouts/application.html.erb
  Rendering super_admin/dashboards/index.html.erb within layouts/application
  Rendered layouts/_super_admin_sidebar.html.erb (Duration: 1.0ms | GC: 0.0ms)
  Rendered super_admin/dashboards/index.html.erb within layouts/application (Duration: 1.3ms | GC: 0.0ms)
  Rendered layout layouts/application.html.erb (Duration: 3.0ms | GC: 0.0ms)
Completed 200 OK in 5ms (Views: 3.8ms | ActiveRecord: 0.0ms (0 queries, 0 cached) | GC: 0.4ms)


Started GET "/manifest.json" for ::1 at 2024-12-12 12:49:46 +0530
Processing by Rails::PwaController#manifest as JSON
  Rendering pwa/manifest.json.erb
  Rendered pwa/manifest.json.erb (Duration: 0.1ms | GC: 0.0ms)
Completed 200 OK in 1ms (Views: 0.4ms | ActiveRecord: 0.0ms (0 queries, 0 cached) | GC: 0.0ms)


Started GET "/super_admin/dashboards" for ::1 at 2024-12-12 12:52:45 +0530
Processing by SuperAdmin::DashboardsController#index as HTML
  Rendering layout layouts/application.html.erb
  Rendering super_admin/dashboards/index.html.erb within layouts/application
  Rendered layouts/_super_admin_sidebar.html.erb (Duration: 1.8ms | GC: 0.0ms)
  Rendered super_admin/dashboards/index.html.erb within layouts/application (Duration: 2.8ms | GC: 0.0ms)
  Rendered layout layouts/application.html.erb (Duration: 9.6ms | GC: 0.2ms)
Completed 200 OK in 14ms (Views: 12.0ms | ActiveRecord: 0.0ms (0 queries, 0 cached) | GC: 0.2ms)


Started GET "/manifest.json" for ::1 at 2024-12-12 12:52:46 +0530
Processing by Rails::PwaController#manifest as JSON
  Rendering pwa/manifest.json.erb
  Rendered pwa/manifest.json.erb (Duration: 0.4ms | GC: 0.0ms)
Completed 200 OK in 2ms (Views: 1.8ms | ActiveRecord: 0.0ms (0 queries, 0 cached) | GC: 0.0ms)


Started GET "/super_admin/dashboards" for ::1 at 2024-12-12 12:53:12 +0530
Processing by SuperAdmin::DashboardsController#index as HTML
  Rendering layout layouts/application.html.erb
  Rendering super_admin/dashboards/index.html.erb within layouts/application
  Rendered layouts/_super_admin_sidebar.html.erb (Duration: 1.1ms | GC: 0.0ms)
  Rendered super_admin/dashboards/index.html.erb within layouts/application (Duration: 1.9ms | GC: 0.0ms)
  Rendered layout layouts/application.html.erb (Duration: 7.6ms | GC: 0.5ms)
Completed 200 OK in 10ms (Views: 9.0ms | ActiveRecord: 0.0ms (0 queries, 0 cached) | GC: 0.5ms)


Started GET "/manifest.json" for ::1 at 2024-12-12 12:53:12 +0530
Processing by Rails::PwaController#manifest as JSON
  Rendering pwa/manifest.json.erb
  Rendered pwa/manifest.json.erb (Duration: 0.5ms | GC: 0.0ms)
Completed 200 OK in 2ms (Views: 1.8ms | ActiveRecord: 0.0ms (0 queries, 0 cached) | GC: 0.0ms)


Started GET "/super_admin/dashboards" for ::1 at 2024-12-12 12:53:13 +0530
Processing by SuperAdmin::DashboardsController#index as HTML
  Rendering layout layouts/application.html.erb
  Rendering super_admin/dashboards/index.html.erb within layouts/application
  Rendered layouts/_super_admin_sidebar.html.erb (Duration: 0.8ms | GC: 0.0ms)
  Rendered super_admin/dashboards/index.html.erb within layouts/application (Duration: 1.3ms | GC: 0.0ms)
  Rendered layout layouts/application.html.erb (Duration: 3.4ms | GC: 0.0ms)
Completed 200 OK in 5ms (Views: 3.9ms | ActiveRecord: 0.0ms (0 queries, 0 cached) | GC: 0.0ms)


Started GET "/manifest.json" for ::1 at 2024-12-12 12:53:13 +0530
Processing by Rails::PwaController#manifest as JSON
  Rendering pwa/manifest.json.erb
  Rendered pwa/manifest.json.erb (Duration: 0.3ms | GC: 0.0ms)
Completed 200 OK in 2ms (Views: 1.0ms | ActiveRecord: 0.0ms (0 queries, 0 cached) | GC: 0.0ms)


Started GET "/super_admin/dashboards" for ::1 at 2024-12-12 12:54:46 +0530
Processing by SuperAdmin::DashboardsController#index as HTML
  Rendering layout layouts/application.html.erb
  Rendering super_admin/dashboards/index.html.erb within layouts/application
  Rendered layouts/_super_admin_sidebar.html.erb (Duration: 1.7ms | GC: 0.2ms)
  Rendered super_admin/dashboards/index.html.erb within layouts/application (Duration: 2.8ms | GC: 0.2ms)
  Rendered layout layouts/application.html.erb (Duration: 26.0ms | GC: 15.7ms)
Completed 200 OK in 30ms (Views: 28.1ms | ActiveRecord: 0.0ms (0 queries, 0 cached) | GC: 15.7ms)


Started GET "/manifest.json" for ::1 at 2024-12-12 12:54:46 +0530
Processing by Rails::PwaController#manifest as JSON
  Rendering pwa/manifest.json.erb
  Rendered pwa/manifest.json.erb (Duration: 0.5ms | GC: 0.0ms)
Completed 200 OK in 8ms (Views: 6.6ms | ActiveRecord: 0.0ms (0 queries, 0 cached) | GC: 4.5ms)


Started GET "/super_admin/dashboards" for ::1 at 2024-12-12 12:54:47 +0530
Processing by SuperAdmin::DashboardsController#index as HTML
  Rendering layout layouts/application.html.erb
  Rendering super_admin/dashboards/index.html.erb within layouts/application
  Rendered layouts/_super_admin_sidebar.html.erb (Duration: 2.7ms | GC: 1.9ms)
  Rendered super_admin/dashboards/index.html.erb within layouts/application (Duration: 2.9ms | GC: 1.9ms)
  Rendered layout layouts/application.html.erb (Duration: 12.0ms | GC: 8.6ms)
Completed 200 OK in 16ms (Views: 15.4ms | ActiveRecord: 0.0ms (0 queries, 0 cached) | GC: 11.3ms)


Started GET "/manifest.json" for ::1 at 2024-12-12 12:54:47 +0530
Processing by Rails::PwaController#manifest as JSON
  Rendering pwa/manifest.json.erb
  Rendered pwa/manifest.json.erb (Duration: 0.1ms | GC: 0.0ms)
Completed 200 OK in 2ms (Views: 0.6ms | ActiveRecord: 0.0ms (0 queries, 0 cached) | GC: 0.0ms)


Started GET "/super_admin/dashboards" for ::1 at 2024-12-12 12:54:48 +0530
Processing by SuperAdmin::DashboardsController#index as HTML
  Rendering layout layouts/application.html.erb
  Rendering super_admin/dashboards/index.html.erb within layouts/application
  Rendered layouts/_super_admin_sidebar.html.erb (Duration: 0.9ms | GC: 0.0ms)
  Rendered super_admin/dashboards/index.html.erb within layouts/application (Duration: 1.1ms | GC: 0.0ms)
  Rendered layout layouts/application.html.erb (Duration: 2.8ms | GC: 0.0ms)
Completed 200 OK in 4ms (Views: 3.2ms | ActiveRecord: 0.0ms (0 queries, 0 cached) | GC: 0.0ms)


Started GET "/manifest.json" for ::1 at 2024-12-12 12:54:48 +0530
Processing by Rails::PwaController#manifest as JSON
  Rendering pwa/manifest.json.erb
  Rendered pwa/manifest.json.erb (Duration: 0.1ms | GC: 0.0ms)
Completed 200 OK in 1ms (Views: 0.6ms | ActiveRecord: 0.0ms (0 queries, 0 cached) | GC: 0.0ms)


Started GET "/super_admin/dashboards" for ::1 at 2024-12-12 12:54:49 +0530
Processing by SuperAdmin::DashboardsController#index as HTML
  Rendering layout layouts/application.html.erb
  Rendering super_admin/dashboards/index.html.erb within layouts/application
  Rendered layouts/_super_admin_sidebar.html.erb (Duration: 0.7ms | GC: 0.0ms)
  Rendered super_admin/dashboards/index.html.erb within layouts/application (Duration: 0.9ms | GC: 0.0ms)
  Rendered layout layouts/application.html.erb (Duration: 2.5ms | GC: 0.0ms)
Completed 200 OK in 4ms (Views: 2.9ms | ActiveRecord: 0.0ms (0 queries, 0 cached) | GC: 0.5ms)


Started GET "/manifest.json" for ::1 at 2024-12-12 12:54:49 +0530
Processing by Rails::PwaController#manifest as JSON
  Rendering pwa/manifest.json.erb
  Rendered pwa/manifest.json.erb (Duration: 0.2ms | GC: 0.0ms)
Completed 200 OK in 1ms (Views: 0.5ms | ActiveRecord: 0.0ms (0 queries, 0 cached) | GC: 0.0ms)


Started GET "/super_admin/dashboards" for ::1 at 2024-12-12 12:55:00 +0530
Processing by SuperAdmin::DashboardsController#index as HTML
  Rendering layout layouts/application.html.erb
  Rendering super_admin/dashboards/index.html.erb within layouts/application
  Rendered layouts/_super_admin_sidebar.html.erb (Duration: 1.2ms | GC: 0.0ms)
  Rendered super_admin/dashboards/index.html.erb within layouts/application (Duration: 2.0ms | GC: 0.0ms)
  Rendered layout layouts/application.html.erb (Duration: 7.6ms | GC: 0.4ms)
Completed 200 OK in 10ms (Views: 9.0ms | ActiveRecord: 0.0ms (0 queries, 0 cached) | GC: 0.4ms)


Started GET "/manifest.json" for ::1 at 2024-12-12 12:55:00 +0530
Processing by Rails::PwaController#manifest as JSON
  Rendering pwa/manifest.json.erb
  Rendered pwa/manifest.json.erb (Duration: 0.4ms | GC: 0.0ms)
Completed 200 OK in 3ms (Views: 1.9ms | ActiveRecord: 0.0ms (0 queries, 0 cached) | GC: 0.0ms)


Started GET "/super_admin/dashboards" for ::1 at 2024-12-12 12:55:02 +0530
Processing by SuperAdmin::DashboardsController#index as HTML
  Rendering layout layouts/application.html.erb
  Rendering super_admin/dashboards/index.html.erb within layouts/application
  Rendered layouts/_super_admin_sidebar.html.erb (Duration: 1.2ms | GC: 0.4ms)
  Rendered super_admin/dashboards/index.html.erb within layouts/application (Duration: 1.4ms | GC: 0.4ms)
  Rendered layout layouts/application.html.erb (Duration: 3.1ms | GC: 0.4ms)
Completed 200 OK in 5ms (Views: 3.4ms | ActiveRecord: 0.0ms (0 queries, 0 cached) | GC: 0.4ms)


Started GET "/manifest.json" for ::1 at 2024-12-12 12:55:02 +0530
Processing by Rails::PwaController#manifest as JSON
  Rendering pwa/manifest.json.erb
  Rendered pwa/manifest.json.erb (Duration: 0.2ms | GC: 0.0ms)
Completed 200 OK in 2ms (Views: 1.0ms | ActiveRecord: 0.0ms (0 queries, 0 cached) | GC: 0.3ms)


Started GET "/super_admin/dashboards" for ::1 at 2024-12-12 12:55:10 +0530
Processing by SuperAdmin::DashboardsController#index as HTML
  Rendering layout layouts/application.html.erb
  Rendering super_admin/dashboards/index.html.erb within layouts/application
  Rendered layouts/_super_admin_sidebar.html.erb (Duration: 0.8ms | GC: 0.0ms)
  Rendered super_admin/dashboards/index.html.erb within layouts/application (Duration: 1.1ms | GC: 0.0ms)
  Rendered layout layouts/application.html.erb (Duration: 3.6ms | GC: 0.6ms)
Completed 200 OK in 5ms (Views: 4.0ms | ActiveRecord: 0.0ms (0 queries, 0 cached) | GC: 0.6ms)


Started GET "/manifest.json" for ::1 at 2024-12-12 12:55:10 +0530
Processing by Rails::PwaController#manifest as JSON
  Rendering pwa/manifest.json.erb
  Rendered pwa/manifest.json.erb (Duration: 0.1ms | GC: 0.0ms)
Completed 200 OK in 1ms (Views: 0.5ms | ActiveRecord: 0.0ms (0 queries, 0 cached) | GC: 0.0ms)


Started GET "/super_admin/dashboards" for ::1 at 2024-12-12 12:55:45 +0530
Processing by SuperAdmin::DashboardsController#index as HTML
  Rendering layout layouts/application.html.erb
  Rendering super_admin/dashboards/index.html.erb within layouts/application
  Rendered layouts/_super_admin_sidebar.html.erb (Duration: 1.1ms | GC: 0.0ms)
  Rendered super_admin/dashboards/index.html.erb within layouts/application (Duration: 1.9ms | GC: 0.0ms)
  Rendered layout layouts/application.html.erb (Duration: 7.5ms | GC: 0.5ms)
Completed 200 OK in 11ms (Views: 8.9ms | ActiveRecord: 0.0ms (0 queries, 0 cached) | GC: 1.1ms)


Started GET "/manifest.json" for ::1 at 2024-12-12 12:55:45 +0530
Processing by Rails::PwaController#manifest as JSON
  Rendering pwa/manifest.json.erb
  Rendered pwa/manifest.json.erb (Duration: 0.7ms | GC: 0.0ms)
Completed 200 OK in 3ms (Views: 2.5ms | ActiveRecord: 0.0ms (0 queries, 0 cached) | GC: 0.0ms)


Started GET "/super_admin/products" for ::1 at 2024-12-12 12:55:46 +0530
Processing by SuperAdmin::ProductsController#index as HTML
  Rendering layout layouts/application.html.erb
  Rendering super_admin/products/index.html.erb within layouts/application
  Rendered layouts/_super_admin_sidebar.html.erb (Duration: 1.2ms | GC: 0.0ms)
  Rendered super_admin/products/index.html.erb within layouts/application (Duration: 2.0ms | GC: 0.0ms)
  Rendered layout layouts/application.html.erb (Duration: 5.4ms | GC: 0.3ms)
Completed 200 OK in 9ms (Views: 6.7ms | ActiveRecord: 0.0ms (0 queries, 0 cached) | GC: 0.3ms)


Started GET "/manifest.json" for ::1 at 2024-12-12 12:55:46 +0530
Processing by Rails::PwaController#manifest as JSON
  Rendering pwa/manifest.json.erb
  Rendered pwa/manifest.json.erb (Duration: 0.1ms | GC: 0.0ms)
Completed 200 OK in 1ms (Views: 0.5ms | ActiveRecord: 0.0ms (0 queries, 0 cached) | GC: 0.0ms)


Started GET "/super_admin/products" for ::1 at 2024-12-12 12:56:02 +0530
Processing by SuperAdmin::ProductsController#index as HTML
  Rendering layout layouts/application.html.erb
  Rendering super_admin/products/index.html.erb within layouts/application
  Rendered super_admin/products/index.html.erb within layouts/application (Duration: 0.3ms | GC: 0.0ms)
  Rendered layout layouts/application.html.erb (Duration: 5.8ms | GC: 0.4ms)
Completed 200 OK in 9ms (Views: 7.2ms | ActiveRecord: 0.0ms (0 queries, 0 cached) | GC: 0.7ms)


Started GET "/manifest.json" for ::1 at 2024-12-12 12:56:02 +0530
Processing by Rails::PwaController#manifest as JSON
  Rendering pwa/manifest.json.erb
  Rendered pwa/manifest.json.erb (Duration: 0.5ms | GC: 0.0ms)
Completed 200 OK in 2ms (Views: 1.7ms | ActiveRecord: 0.0ms (0 queries, 0 cached) | GC: 0.0ms)


Started GET "/super_admin/products" for ::1 at 2024-12-12 12:56:20 +0530
Processing by SuperAdmin::ProductsController#index as HTML
  Rendering layout layouts/application.html.erb
  Rendering super_admin/products/index.html.erb within layouts/application
  Rendered layouts/_super_admin_sidebar.html.erb (Duration: 1.7ms | GC: 0.6ms)
  Rendered super_admin/products/index.html.erb within layouts/application (Duration: 2.5ms | GC: 0.6ms)
  Rendered layout layouts/application.html.erb (Duration: 8.1ms | GC: 0.9ms)
Completed 200 OK in 11ms (Views: 9.4ms | ActiveRecord: 0.0ms (0 queries, 0 cached) | GC: 0.9ms)


Started GET "/manifest.json" for ::1 at 2024-12-12 12:56:20 +0530
Processing by Rails::PwaController#manifest as JSON
  Rendering pwa/manifest.json.erb
  Rendered pwa/manifest.json.erb (Duration: 0.3ms | GC: 0.0ms)
Completed 200 OK in 2ms (Views: 1.5ms | ActiveRecord: 0.0ms (0 queries, 0 cached) | GC: 0.0ms)


Started GET "/super_admin/products" for ::1 at 2024-12-12 13:53:43 +0530
Processing by SuperAdmin::ProductsController#index as HTML
  Rendering layout layouts/application.html.erb
  Rendering super_admin/products/index.html.erb within layouts/application
  Rendered layouts/_super_admin_sidebar.html.erb (Duration: 2.7ms | GC: 0.0ms)
  Rendered super_admin/products/index.html.erb within layouts/application (Duration: 3.7ms | GC: 0.0ms)
  Rendered layout layouts/application.html.erb (Duration: 9.5ms | GC: 2.1ms)
Completed 200 OK in 14ms (Views: 10.7ms | ActiveRecord: 0.0ms (0 queries, 0 cached) | GC: 2.1ms)


Started GET "/manifest.json" for ::1 at 2024-12-12 13:53:45 +0530
Processing by Rails::PwaController#manifest as JSON
  Rendering pwa/manifest.json.erb
  Rendered pwa/manifest.json.erb (Duration: 0.2ms | GC: 0.0ms)
Completed 200 OK in 1ms (Views: 0.6ms | ActiveRecord: 0.0ms (0 queries, 0 cached) | GC: 0.0ms)


Started GET "/super_admin/products" for ::1 at 2024-12-12 13:55:08 +0530
Processing by SuperAdmin::ProductsController#index as HTML
  Rendering layout layouts/application.html.erb
  Rendering super_admin/products/index.html.erb within layouts/application
  Rendered layouts/_super_admin_sidebar.html.erb (Duration: 1.9ms | GC: 0.0ms)
  Rendered super_admin/products/index.html.erb within layouts/application (Duration: 3.9ms | GC: 0.3ms)
  Rendered layout layouts/application.html.erb (Duration: 12.2ms | GC: 0.3ms)
Completed 200 OK in 16ms (Views: 14.3ms | ActiveRecord: 0.0ms (0 queries, 0 cached) | GC: 0.3ms)


Started GET "/manifest.json" for ::1 at 2024-12-12 13:55:15 +0530
Processing by Rails::PwaController#manifest as JSON
  Rendering pwa/manifest.json.erb
  Rendered pwa/manifest.json.erb (Duration: 0.9ms | GC: 0.0ms)
Completed 200 OK in 4ms (Views: 3.1ms | ActiveRecord: 0.0ms (0 queries, 0 cached) | GC: 0.0ms)


Started GET "/super_admin/products" for ::1 at 2024-12-12 13:56:21 +0530
Processing by SuperAdmin::ProductsController#index as HTML
  Rendering layout layouts/application.html.erb
  Rendering super_admin/products/index.html.erb within layouts/application
  Rendered layouts/_super_admin_sidebar.html.erb (Duration: 1.4ms | GC: 0.3ms)
  Rendered super_admin/products/index.html.erb within layouts/application (Duration: 2.2ms | GC: 0.3ms)
  Rendered layout layouts/application.html.erb (Duration: 7.2ms | GC: 0.5ms)
Completed 200 OK in 10ms (Views: 8.8ms | ActiveRecord: 0.0ms (0 queries, 0 cached) | GC: 0.5ms)


Started GET "/manifest.json" for ::1 at 2024-12-12 13:56:21 +0530
Processing by Rails::PwaController#manifest as JSON
  Rendering pwa/manifest.json.erb
  Rendered pwa/manifest.json.erb (Duration: 0.3ms | GC: 0.0ms)
Completed 200 OK in 2ms (Views: 1.4ms | ActiveRecord: 0.0ms (0 queries, 0 cached) | GC: 0.0ms)


Started GET "/super_admin/products" for ::1 at 2024-12-12 13:56:36 +0530
Processing by SuperAdmin::ProductsController#index as HTML
  Rendering layout layouts/application.html.erb
  Rendering super_admin/products/index.html.erb within layouts/application
  Rendered layouts/_super_admin_sidebar.html.erb (Duration: 1.2ms | GC: 0.0ms)
  Rendered super_admin/products/index.html.erb within layouts/application (Duration: 2.1ms | GC: 0.0ms)
  Rendered layout layouts/application.html.erb (Duration: 7.0ms | GC: 0.0ms)
Completed 200 OK in 10ms (Views: 9.0ms | ActiveRecord: 0.0ms (0 queries, 0 cached) | GC: 0.0ms)


Started GET "/manifest.json" for ::1 at 2024-12-12 13:56:37 +0530
Processing by Rails::PwaController#manifest as JSON
  Rendering pwa/manifest.json.erb
  Rendered pwa/manifest.json.erb (Duration: 0.3ms | GC: 0.0ms)
Completed 200 OK in 2ms (Views: 1.4ms | ActiveRecord: 0.0ms (0 queries, 0 cached) | GC: 0.0ms)


Started GET "/super_admin/products" for ::1 at 2024-12-12 13:56:51 +0530
Processing by SuperAdmin::ProductsController#index as HTML
  Rendering layout layouts/application.html.erb
  Rendering super_admin/products/index.html.erb within layouts/application
  Rendered layouts/_super_admin_sidebar.html.erb (Duration: 1.2ms | GC: 0.0ms)
  Rendered super_admin/products/index.html.erb within layouts/application (Duration: 2.4ms | GC: 0.4ms)
  Rendered layout layouts/application.html.erb (Duration: 7.6ms | GC: 0.6ms)
Completed 200 OK in 11ms (Views: 9.3ms | ActiveRecord: 0.0ms (0 queries, 0 cached) | GC: 0.6ms)


Started GET "/manifest.json" for ::1 at 2024-12-12 13:56:51 +0530
Processing by Rails::PwaController#manifest as JSON
  Rendering pwa/manifest.json.erb
  Rendered pwa/manifest.json.erb (Duration: 0.4ms | GC: 0.0ms)
Completed 200 OK in 2ms (Views: 1.9ms | ActiveRecord: 0.0ms (0 queries, 0 cached) | GC: 0.3ms)


Started GET "/super_admin/products" for ::1 at 2024-12-12 13:56:59 +0530
Processing by SuperAdmin::ProductsController#index as HTML
  Rendering layout layouts/application.html.erb
  Rendering super_admin/products/index.html.erb within layouts/application
  Rendered layouts/_super_admin_sidebar.html.erb (Duration: 2.0ms | GC: 0.8ms)
  Rendered super_admin/products/index.html.erb within layouts/application (Duration: 2.8ms | GC: 0.8ms)
  Rendered layout layouts/application.html.erb (Duration: 8.3ms | GC: 1.3ms)
Completed 200 OK in 11ms (Views: 9.7ms | ActiveRecord: 0.0ms (0 queries, 0 cached) | GC: 1.3ms)


Started GET "/manifest.json" for ::1 at 2024-12-12 13:56:59 +0530
Processing by Rails::PwaController#manifest as JSON
  Rendering pwa/manifest.json.erb
  Rendered pwa/manifest.json.erb (Duration: 0.3ms | GC: 0.0ms)
Completed 200 OK in 2ms (Views: 1.4ms | ActiveRecord: 0.0ms (0 queries, 0 cached) | GC: 0.0ms)


Started GET "/super_admin/products" for ::1 at 2024-12-12 13:57:00 +0530
Processing by SuperAdmin::ProductsController#index as HTML
  Rendering layout layouts/application.html.erb
  Rendering super_admin/products/index.html.erb within layouts/application
  Rendered layouts/_super_admin_sidebar.html.erb (Duration: 0.6ms | GC: 0.0ms)
  Rendered super_admin/products/index.html.erb within layouts/application (Duration: 0.8ms | GC: 0.0ms)
  Rendered layout layouts/application.html.erb (Duration: 2.4ms | GC: 0.0ms)
Completed 200 OK in 3ms (Views: 2.7ms | ActiveRecord: 0.0ms (0 queries, 0 cached) | GC: 0.0ms)


Started GET "/manifest.json" for ::1 at 2024-12-12 13:57:00 +0530
Processing by Rails::PwaController#manifest as JSON
  Rendering pwa/manifest.json.erb
  Rendered pwa/manifest.json.erb (Duration: 0.1ms | GC: 0.0ms)
Completed 200 OK in 1ms (Views: 0.6ms | ActiveRecord: 0.0ms (0 queries, 0 cached) | GC: 0.0ms)


Started GET "/super_admin/products" for ::1 at 2024-12-12 13:57:01 +0530
Processing by SuperAdmin::ProductsController#index as HTML
  Rendering layout layouts/application.html.erb
  Rendering super_admin/products/index.html.erb within layouts/application
  Rendered layouts/_super_admin_sidebar.html.erb (Duration: 0.9ms | GC: 0.0ms)
  Rendered super_admin/products/index.html.erb within layouts/application (Duration: 1.2ms | GC: 0.0ms)
  Rendered layout layouts/application.html.erb (Duration: 3.6ms | GC: 0.0ms)
Completed 200 OK in 5ms (Views: 4.2ms | ActiveRecord: 0.0ms (0 queries, 0 cached) | GC: 0.2ms)


Started GET "/manifest.json" for ::1 at 2024-12-12 13:57:01 +0530
Processing by Rails::PwaController#manifest as JSON
  Rendering pwa/manifest.json.erb
  Rendered pwa/manifest.json.erb (Duration: 0.1ms | GC: 0.0ms)
Completed 200 OK in 1ms (Views: 0.6ms | ActiveRecord: 0.0ms (0 queries, 0 cached) | GC: 0.2ms)


Started GET "/super_admin/products" for ::1 at 2024-12-12 13:57:06 +0530
Processing by SuperAdmin::ProductsController#index as HTML
  Rendering layout layouts/application.html.erb
  Rendering super_admin/products/index.html.erb within layouts/application
  Rendered layouts/_super_admin_sidebar.html.erb (Duration: 1.2ms | GC: 0.0ms)
  Rendered super_admin/products/index.html.erb within layouts/application (Duration: 1.9ms | GC: 0.0ms)
  Rendered layout layouts/application.html.erb (Duration: 7.7ms | GC: 0.4ms)
Completed 200 OK in 11ms (Views: 9.4ms | ActiveRecord: 0.0ms (0 queries, 0 cached) | GC: 0.7ms)


Started GET "/manifest.json" for ::1 at 2024-12-12 13:57:06 +0530
Processing by Rails::PwaController#manifest as JSON
  Rendering pwa/manifest.json.erb
  Rendered pwa/manifest.json.erb (Duration: 0.3ms | GC: 0.0ms)
Completed 200 OK in 2ms (Views: 1.4ms | ActiveRecord: 0.0ms (0 queries, 0 cached) | GC: 0.0ms)


Started GET "/super_admin/products" for ::1 at 2024-12-12 13:57:24 +0530
Processing by SuperAdmin::ProductsController#index as HTML
  Rendering layout layouts/application.html.erb
  Rendering super_admin/products/index.html.erb within layouts/application
  Rendered layouts/_super_admin_sidebar.html.erb (Duration: 1.2ms | GC: 0.0ms)
  Rendered super_admin/products/index.html.erb within layouts/application (Duration: 2.0ms | GC: 0.0ms)
  Rendered layout layouts/application.html.erb (Duration: 7.5ms | GC: 0.6ms)
Completed 200 OK in 11ms (Views: 9.0ms | ActiveRecord: 0.0ms (0 queries, 0 cached) | GC: 1.0ms)


Started GET "/manifest.json" for ::1 at 2024-12-12 13:57:24 +0530
Processing by Rails::PwaController#manifest as JSON
  Rendering pwa/manifest.json.erb
  Rendered pwa/manifest.json.erb (Duration: 0.4ms | GC: 0.0ms)
Completed 200 OK in 2ms (Views: 1.6ms | ActiveRecord: 0.0ms (0 queries, 0 cached) | GC: 0.0ms)


Started GET "/super_admin/products" for ::1 at 2024-12-12 13:57:25 +0530
Processing by SuperAdmin::ProductsController#index as HTML
  Rendering layout layouts/application.html.erb
  Rendering super_admin/products/index.html.erb within layouts/application
  Rendered layouts/_super_admin_sidebar.html.erb (Duration: 0.9ms | GC: 0.0ms)
  Rendered super_admin/products/index.html.erb within layouts/application (Duration: 1.1ms | GC: 0.0ms)
  Rendered layout layouts/application.html.erb (Duration: 3.7ms | GC: 0.0ms)
Completed 200 OK in 5ms (Views: 4.2ms | ActiveRecord: 0.0ms (0 queries, 0 cached) | GC: 0.0ms)


Started GET "/manifest.json" for ::1 at 2024-12-12 13:57:25 +0530
Processing by Rails::PwaController#manifest as JSON
  Rendering pwa/manifest.json.erb
  Rendered pwa/manifest.json.erb (Duration: 0.1ms | GC: 0.0ms)
Completed 200 OK in 1ms (Views: 0.5ms | ActiveRecord: 0.0ms (0 queries, 0 cached) | GC: 0.0ms)


Started GET "/super_admin/products" for ::1 at 2024-12-12 13:58:20 +0530
Processing by SuperAdmin::ProductsController#index as HTML
  Rendering layout layouts/application.html.erb
  Rendering super_admin/products/index.html.erb within layouts/application
  Rendered layouts/_super_admin_sidebar.html.erb (Duration: 1.1ms | GC: 0.0ms)
  Rendered super_admin/products/index.html.erb within layouts/application (Duration: 1.9ms | GC: 0.0ms)
  Rendered layout layouts/application.html.erb (Duration: 8.1ms | GC: 0.0ms)
Completed 200 OK in 11ms (Views: 10.0ms | ActiveRecord: 0.0ms (0 queries, 0 cached) | GC: 0.4ms)


Started GET "/manifest.json" for ::1 at 2024-12-12 13:58:21 +0530
Processing by Rails::PwaController#manifest as JSON
  Rendering pwa/manifest.json.erb
  Rendered pwa/manifest.json.erb (Duration: 0.4ms | GC: 0.0ms)
Completed 200 OK in 2ms (Views: 1.8ms | ActiveRecord: 0.0ms (0 queries, 0 cached) | GC: 0.0ms)


Started GET "/super_admin/products" for ::1 at 2024-12-12 13:58:21 +0530
Processing by SuperAdmin::ProductsController#index as HTML
  Rendering layout layouts/application.html.erb
  Rendering super_admin/products/index.html.erb within layouts/application
  Rendered layouts/_super_admin_sidebar.html.erb (Duration: 0.7ms | GC: 0.0ms)
  Rendered super_admin/products/index.html.erb within layouts/application (Duration: 1.0ms | GC: 0.0ms)
  Rendered layout layouts/application.html.erb (Duration: 3.1ms | GC: 0.0ms)
Completed 200 OK in 5ms (Views: 3.5ms | ActiveRecord: 0.0ms (0 queries, 0 cached) | GC: 0.0ms)


Started GET "/manifest.json" for ::1 at 2024-12-12 13:58:21 +0530
Processing by Rails::PwaController#manifest as JSON
  Rendering pwa/manifest.json.erb
  Rendered pwa/manifest.json.erb (Duration: 0.1ms | GC: 0.0ms)
Completed 200 OK in 1ms (Views: 0.4ms | ActiveRecord: 0.0ms (0 queries, 0 cached) | GC: 0.0ms)


Started GET "/super_admin/products" for ::1 at 2024-12-12 13:58:21 +0530
Processing by SuperAdmin::ProductsController#index as HTML
  Rendering layout layouts/application.html.erb
  Rendering super_admin/products/index.html.erb within layouts/application
  Rendered layouts/_super_admin_sidebar.html.erb (Duration: 0.7ms | GC: 0.0ms)
  Rendered super_admin/products/index.html.erb within layouts/application (Duration: 1.0ms | GC: 0.0ms)
  Rendered layout layouts/application.html.erb (Duration: 2.6ms | GC: 0.0ms)
Completed 200 OK in 4ms (Views: 3.0ms | ActiveRecord: 0.0ms (0 queries, 0 cached) | GC: 0.0ms)


Started GET "/manifest.json" for ::1 at 2024-12-12 13:58:21 +0530
Processing by Rails::PwaController#manifest as JSON
  Rendering pwa/manifest.json.erb
  Rendered pwa/manifest.json.erb (Duration: 0.1ms | GC: 0.0ms)
Completed 200 OK in 1ms (Views: 0.4ms | ActiveRecord: 0.0ms (0 queries, 0 cached) | GC: 0.0ms)


Started GET "/super_admin/products" for ::1 at 2024-12-12 13:58:21 +0530
Processing by SuperAdmin::ProductsController#index as HTML
  Rendering layout layouts/application.html.erb
  Rendering super_admin/products/index.html.erb within layouts/application
  Rendered layouts/_super_admin_sidebar.html.erb (Duration: 0.7ms | GC: 0.0ms)
  Rendered super_admin/products/index.html.erb within layouts/application (Duration: 0.9ms | GC: 0.0ms)
  Rendered layout layouts/application.html.erb (Duration: 2.9ms | GC: 0.0ms)
Completed 200 OK in 4ms (Views: 3.4ms | ActiveRecord: 0.0ms (0 queries, 0 cached) | GC: 0.0ms)


Started GET "/manifest.json" for ::1 at 2024-12-12 13:58:21 +0530
Processing by Rails::PwaController#manifest as JSON
  Rendering pwa/manifest.json.erb
  Rendered pwa/manifest.json.erb (Duration: 0.2ms | GC: 0.0ms)
Completed 200 OK in 1ms (Views: 0.7ms | ActiveRecord: 0.0ms (0 queries, 0 cached) | GC: 0.0ms)


Started GET "/super_admin/products" for ::1 at 2024-12-12 13:58:21 +0530
Processing by SuperAdmin::ProductsController#index as HTML
  Rendering layout layouts/application.html.erb
  Rendering super_admin/products/index.html.erb within layouts/application
  Rendered layouts/_super_admin_sidebar.html.erb (Duration: 0.7ms | GC: 0.0ms)
  Rendered super_admin/products/index.html.erb within layouts/application (Duration: 1.0ms | GC: 0.0ms)
  Rendered layout layouts/application.html.erb (Duration: 2.9ms | GC: 0.0ms)
Completed 200 OK in 5ms (Views: 3.4ms | ActiveRecord: 0.0ms (0 queries, 0 cached) | GC: 0.4ms)


Started GET "/manifest.json" for ::1 at 2024-12-12 13:58:21 +0530
Processing by Rails::PwaController#manifest as JSON
  Rendering pwa/manifest.json.erb
  Rendered pwa/manifest.json.erb (Duration: 0.2ms | GC: 0.0ms)
Completed 200 OK in 1ms (Views: 0.6ms | ActiveRecord: 0.0ms (0 queries, 0 cached) | GC: 0.0ms)


Started GET "/super_admin/products" for ::1 at 2024-12-12 13:59:04 +0530
Processing by SuperAdmin::ProductsController#index as HTML
  Rendering layout layouts/application.html.erb
  Rendering super_admin/products/index.html.erb within layouts/application
  Rendered layouts/_super_admin_sidebar.html.erb (Duration: 1.1ms | GC: 0.0ms)
  Rendered super_admin/products/index.html.erb within layouts/application (Duration: 1.9ms | GC: 0.0ms)
  Rendered layout layouts/application.html.erb (Duration: 7.1ms | GC: 0.3ms)
Completed 200 OK in 10ms (Views: 8.5ms | ActiveRecord: 0.0ms (0 queries, 0 cached) | GC: 0.3ms)


Started GET "/manifest.json" for ::1 at 2024-12-12 13:59:04 +0530
Processing by Rails::PwaController#manifest as JSON
  Rendering pwa/manifest.json.erb
  Rendered pwa/manifest.json.erb (Duration: 0.4ms | GC: 0.0ms)
Completed 200 OK in 2ms (Views: 1.5ms | ActiveRecord: 0.0ms (0 queries, 0 cached) | GC: 0.0ms)


Started GET "/super_admin/products" for ::1 at 2024-12-12 13:59:05 +0530
Processing by SuperAdmin::ProductsController#index as HTML
  Rendering layout layouts/application.html.erb
  Rendering super_admin/products/index.html.erb within layouts/application
  Rendered layouts/_super_admin_sidebar.html.erb (Duration: 0.8ms | GC: 0.0ms)
  Rendered super_admin/products/index.html.erb within layouts/application (Duration: 1.1ms | GC: 0.0ms)
  Rendered layout layouts/application.html.erb (Duration: 3.0ms | GC: 0.0ms)
Completed 200 OK in 5ms (Views: 3.7ms | ActiveRecord: 0.0ms (0 queries, 0 cached) | GC: 0.4ms)


Started GET "/manifest.json" for ::1 at 2024-12-12 13:59:05 +0530
Processing by Rails::PwaController#manifest as JSON
  Rendering pwa/manifest.json.erb
  Rendered pwa/manifest.json.erb (Duration: 0.1ms | GC: 0.0ms)
Completed 200 OK in 2ms (Views: 1.3ms | ActiveRecord: 0.0ms (0 queries, 0 cached) | GC: 0.6ms)


Started GET "/super_admin/products" for ::1 at 2024-12-12 13:59:06 +0530
Processing by SuperAdmin::ProductsController#index as HTML
  Rendering layout layouts/application.html.erb
  Rendering super_admin/products/index.html.erb within layouts/application
  Rendered layouts/_super_admin_sidebar.html.erb (Duration: 0.7ms | GC: 0.0ms)
  Rendered super_admin/products/index.html.erb within layouts/application (Duration: 1.0ms | GC: 0.0ms)
  Rendered layout layouts/application.html.erb (Duration: 3.4ms | GC: 0.4ms)
Completed 200 OK in 5ms (Views: 3.8ms | ActiveRecord: 0.0ms (0 queries, 0 cached) | GC: 0.4ms)


Started GET "/manifest.json" for ::1 at 2024-12-12 13:59:06 +0530
Processing by Rails::PwaController#manifest as JSON
  Rendering pwa/manifest.json.erb
  Rendered pwa/manifest.json.erb (Duration: 0.1ms | GC: 0.0ms)
Completed 200 OK in 1ms (Views: 0.4ms | ActiveRecord: 0.0ms (0 queries, 0 cached) | GC: 0.0ms)


Started GET "/super_admin/products" for ::1 at 2024-12-12 13:59:25 +0530
Processing by SuperAdmin::ProductsController#index as HTML
  Rendering layout layouts/application.html.erb
  Rendering super_admin/products/index.html.erb within layouts/application
  Rendered layouts/_super_admin_sidebar.html.erb (Duration: 1.1ms | GC: 0.0ms)
  Rendered super_admin/products/index.html.erb within layouts/application (Duration: 1.8ms | GC: 0.0ms)
  Rendered layout layouts/application.html.erb (Duration: 7.0ms | GC: 0.4ms)
Completed 200 OK in 10ms (Views: 8.4ms | ActiveRecord: 0.0ms (0 queries, 0 cached) | GC: 0.6ms)


Started GET "/manifest.json" for ::1 at 2024-12-12 13:59:25 +0530
Processing by Rails::PwaController#manifest as JSON
  Rendering pwa/manifest.json.erb
  Rendered pwa/manifest.json.erb (Duration: 0.4ms | GC: 0.0ms)
Completed 200 OK in 2ms (Views: 1.5ms | ActiveRecord: 0.0ms (0 queries, 0 cached) | GC: 0.0ms)


Started GET "/super_admin/products" for ::1 at 2024-12-12 13:59:44 +0530
Processing by SuperAdmin::ProductsController#index as HTML
  Rendering layout layouts/application.html.erb
  Rendering super_admin/products/index.html.erb within layouts/application
  Rendered layouts/_super_admin_sidebar.html.erb (Duration: 1.1ms | GC: 0.0ms)
  Rendered super_admin/products/index.html.erb within layouts/application (Duration: 2.1ms | GC: 0.0ms)
  Rendered layout layouts/application.html.erb (Duration: 6.8ms | GC: 0.0ms)
Completed 200 OK in 10ms (Views: 8.2ms | ActiveRecord: 0.0ms (0 queries, 0 cached) | GC: 0.0ms)


Started GET "/manifest.json" for ::1 at 2024-12-12 13:59:44 +0530
Processing by Rails::PwaController#manifest as JSON
  Rendering pwa/manifest.json.erb
  Rendered pwa/manifest.json.erb (Duration: 0.6ms | GC: 0.0ms)
Completed 200 OK in 2ms (Views: 1.7ms | ActiveRecord: 0.0ms (0 queries, 0 cached) | GC: 0.0ms)


Started GET "/super_admin/dashboards" for ::1 at 2024-12-12 14:00:27 +0530
Processing by SuperAdmin::DashboardsController#index as HTML
  Rendering layout layouts/application.html.erb
  Rendering super_admin/dashboards/index.html.erb within layouts/application
  Rendered layouts/_super_admin_sidebar.html.erb (Duration: 0.9ms | GC: 0.0ms)
  Rendered super_admin/dashboards/index.html.erb within layouts/application (Duration: 1.5ms | GC: 0.0ms)
  Rendered layout layouts/application.html.erb (Duration: 4.1ms | GC: 0.3ms)
Completed 200 OK in 8ms (Views: 5.1ms | ActiveRecord: 0.0ms (0 queries, 0 cached) | GC: 0.3ms)


Started GET "/manifest.json" for ::1 at 2024-12-12 14:00:27 +0530
Processing by Rails::PwaController#manifest as JSON
  Rendering pwa/manifest.json.erb
  Rendered pwa/manifest.json.erb (Duration: 0.1ms | GC: 0.0ms)
Completed 200 OK in 1ms (Views: 0.4ms | ActiveRecord: 0.0ms (0 queries, 0 cached) | GC: 0.0ms)


Started GET "/super_admin/products" for ::1 at 2024-12-12 14:00:28 +0530
Processing by SuperAdmin::ProductsController#index as HTML
  Rendering layout layouts/application.html.erb
  Rendering super_admin/products/index.html.erb within layouts/application
  Rendered layouts/_super_admin_sidebar.html.erb (Duration: 0.7ms | GC: 0.0ms)
  Rendered super_admin/products/index.html.erb within layouts/application (Duration: 0.9ms | GC: 0.0ms)
  Rendered layout layouts/application.html.erb (Duration: 2.5ms | GC: 0.0ms)
Completed 200 OK in 4ms (Views: 2.8ms | ActiveRecord: 0.0ms (0 queries, 0 cached) | GC: 0.0ms)


Started GET "/manifest.json" for ::1 at 2024-12-12 14:00:28 +0530
Processing by Rails::PwaController#manifest as JSON
  Rendering pwa/manifest.json.erb
  Rendered pwa/manifest.json.erb (Duration: 0.1ms | GC: 0.0ms)
Completed 200 OK in 2ms (Views: 0.5ms | ActiveRecord: 0.0ms (0 queries, 0 cached) | GC: 0.0ms)


Started GET "/super_admin/products" for ::1 at 2024-12-12 14:00:30 +0530
Processing by SuperAdmin::ProductsController#index as HTML
  Rendering layout layouts/application.html.erb
  Rendering super_admin/products/index.html.erb within layouts/application
  Rendered layouts/_super_admin_sidebar.html.erb (Duration: 0.8ms | GC: 0.1ms)
  Rendered super_admin/products/index.html.erb within layouts/application (Duration: 1.0ms | GC: 0.1ms)
  Rendered layout layouts/application.html.erb (Duration: 2.6ms | GC: 0.1ms)
Completed 200 OK in 4ms (Views: 2.9ms | ActiveRecord: 0.0ms (0 queries, 0 cached) | GC: 0.1ms)


Started GET "/manifest.json" for ::1 at 2024-12-12 14:00:30 +0530
Processing by Rails::PwaController#manifest as JSON
  Rendering pwa/manifest.json.erb
  Rendered pwa/manifest.json.erb (Duration: 0.1ms | GC: 0.0ms)
Completed 200 OK in 1ms (Views: 0.5ms | ActiveRecord: 0.0ms (0 queries, 0 cached) | GC: 0.0ms)


Started GET "/super_admin/products" for ::1 at 2024-12-12 14:00:30 +0530
Processing by SuperAdmin::ProductsController#index as HTML
  Rendering layout layouts/application.html.erb
  Rendering super_admin/products/index.html.erb within layouts/application
  Rendered layouts/_super_admin_sidebar.html.erb (Duration: 0.9ms | GC: 0.0ms)
  Rendered super_admin/products/index.html.erb within layouts/application (Duration: 1.1ms | GC: 0.0ms)
  Rendered layout layouts/application.html.erb (Duration: 3.5ms | GC: 0.3ms)
Completed 200 OK in 5ms (Views: 4.1ms | ActiveRecord: 0.0ms (0 queries, 0 cached) | GC: 0.3ms)


Started GET "/manifest.json" for ::1 at 2024-12-12 14:00:30 +0530
Processing by Rails::PwaController#manifest as JSON
  Rendering pwa/manifest.json.erb
  Rendered pwa/manifest.json.erb (Duration: 0.2ms | GC: 0.0ms)
Completed 200 OK in 1ms (Views: 0.7ms | ActiveRecord: 0.0ms (0 queries, 0 cached) | GC: 0.0ms)


Started GET "/super_admin/products" for ::1 at 2024-12-12 14:00:30 +0530
Processing by SuperAdmin::ProductsController#index as HTML
  Rendering layout layouts/application.html.erb
  Rendering super_admin/products/index.html.erb within layouts/application
  Rendered layouts/_super_admin_sidebar.html.erb (Duration: 0.7ms | GC: 0.0ms)
  Rendered super_admin/products/index.html.erb within layouts/application (Duration: 0.9ms | GC: 0.0ms)
  Rendered layout layouts/application.html.erb (Duration: 2.8ms | GC: 0.0ms)
Completed 200 OK in 4ms (Views: 3.1ms | ActiveRecord: 0.0ms (0 queries, 0 cached) | GC: 0.3ms)


Started GET "/manifest.json" for ::1 at 2024-12-12 14:00:30 +0530
Processing by Rails::PwaController#manifest as JSON
  Rendering pwa/manifest.json.erb
  Rendered pwa/manifest.json.erb (Duration: 0.1ms | GC: 0.0ms)
Completed 200 OK in 1ms (Views: 0.4ms | ActiveRecord: 0.0ms (0 queries, 0 cached) | GC: 0.0ms)


Started GET "/super_admin/products" for ::1 at 2024-12-12 14:00:30 +0530
Processing by SuperAdmin::ProductsController#index as HTML
  Rendering layout layouts/application.html.erb
  Rendering super_admin/products/index.html.erb within layouts/application
  Rendered layouts/_super_admin_sidebar.html.erb (Duration: 1.0ms | GC: 0.0ms)
  Rendered super_admin/products/index.html.erb within layouts/application (Duration: 1.4ms | GC: 0.0ms)
  Rendered layout layouts/application.html.erb (Duration: 3.9ms | GC: 0.3ms)
Completed 200 OK in 6ms (Views: 4.5ms | ActiveRecord: 0.0ms (0 queries, 0 cached) | GC: 0.3ms)


Started GET "/manifest.json" for ::1 at 2024-12-12 14:00:30 +0530
Processing by Rails::PwaController#manifest as JSON
  Rendering pwa/manifest.json.erb
  Rendered pwa/manifest.json.erb (Duration: 0.1ms | GC: 0.0ms)
Completed 200 OK in 1ms (Views: 0.6ms | ActiveRecord: 0.0ms (0 queries, 0 cached) | GC: 0.0ms)


Started GET "/super_admin/products" for ::1 at 2024-12-12 14:00:44 +0530
Processing by SuperAdmin::ProductsController#index as HTML
  Rendering layout layouts/application.html.erb
  Rendering super_admin/products/index.html.erb within layouts/application
  Rendered super_admin/products/index.html.erb within layouts/application (Duration: 0.3ms | GC: 0.0ms)
  Rendered layout layouts/application.html.erb (Duration: 7.5ms | GC: 1.5ms)
Completed 200 OK in 10ms (Views: 8.9ms | ActiveRecord: 0.0ms (0 queries, 0 cached) | GC: 1.5ms)


Started GET "/manifest.json" for ::1 at 2024-12-12 14:00:44 +0530
Processing by Rails::PwaController#manifest as JSON
  Rendering pwa/manifest.json.erb
  Rendered pwa/manifest.json.erb (Duration: 0.4ms | GC: 0.0ms)
Completed 200 OK in 3ms (Views: 1.6ms | ActiveRecord: 0.0ms (0 queries, 0 cached) | GC: 0.0ms)


Started GET "/super_admin/products" for ::1 at 2024-12-12 14:01:37 +0530
Processing by SuperAdmin::ProductsController#index as HTML
  Rendering layout layouts/application.html.erb
  Rendering super_admin/products/index.html.erb within layouts/application
  Rendered super_admin/products/index.html.erb within layouts/application (Duration: 0.4ms | GC: 0.0ms)
  Rendered layouts/_super_admin_sidebar.html.erb (Duration: 1.1ms | GC: 0.0ms)
  Rendered layout layouts/application.html.erb (Duration: 7.1ms | GC: 0.3ms)
Completed 200 OK in 10ms (Views: 8.4ms | ActiveRecord: 0.0ms (0 queries, 0 cached) | GC: 0.3ms)


Started GET "/manifest.json" for ::1 at 2024-12-12 14:01:37 +0530
Processing by Rails::PwaController#manifest as JSON
  Rendering pwa/manifest.json.erb
  Rendered pwa/manifest.json.erb (Duration: 0.5ms | GC: 0.0ms)
Completed 200 OK in 3ms (Views: 2.0ms | ActiveRecord: 0.0ms (0 queries, 0 cached) | GC: 0.0ms)


Started GET "/super_admin/products" for ::1 at 2024-12-12 14:01:39 +0530
Processing by SuperAdmin::ProductsController#index as HTML
  Rendering layout layouts/application.html.erb
  Rendering super_admin/products/index.html.erb within layouts/application
  Rendered super_admin/products/index.html.erb within layouts/application (Duration: 0.1ms | GC: 0.0ms)
  Rendered layouts/_super_admin_sidebar.html.erb (Duration: 0.3ms | GC: 0.0ms)
  Rendered layout layouts/application.html.erb (Duration: 3.1ms | GC: 0.3ms)
Completed 200 OK in 4ms (Views: 3.5ms | ActiveRecord: 0.0ms (0 queries, 0 cached) | GC: 0.3ms)


Started GET "/manifest.json" for ::1 at 2024-12-12 14:01:39 +0530
Processing by Rails::PwaController#manifest as JSON
  Rendering pwa/manifest.json.erb
  Rendered pwa/manifest.json.erb (Duration: 0.1ms | GC: 0.0ms)
Completed 200 OK in 1ms (Views: 0.4ms | ActiveRecord: 0.0ms (0 queries, 0 cached) | GC: 0.0ms)


Started GET "/super_admin/dashboards" for ::1 at 2024-12-12 14:01:40 +0530
Processing by SuperAdmin::DashboardsController#index as HTML
  Rendering layout layouts/application.html.erb
  Rendering super_admin/dashboards/index.html.erb within layouts/application
  Rendered super_admin/dashboards/index.html.erb within layouts/application (Duration: 0.4ms | GC: 0.0ms)
  Rendered layouts/_super_admin_sidebar.html.erb (Duration: 1.2ms | GC: 0.0ms)
  Rendered layout layouts/application.html.erb (Duration: 5.7ms | GC: 0.3ms)
Completed 200 OK in 8ms (Views: 6.6ms | ActiveRecord: 0.0ms (0 queries, 0 cached) | GC: 0.3ms)


Started GET "/manifest.json" for ::1 at 2024-12-12 14:01:40 +0530
Processing by Rails::PwaController#manifest as JSON
  Rendering pwa/manifest.json.erb
  Rendered pwa/manifest.json.erb (Duration: 0.1ms | GC: 0.0ms)
Completed 200 OK in 1ms (Views: 0.5ms | ActiveRecord: 0.0ms (0 queries, 0 cached) | GC: 0.0ms)


Started GET "/super_admin/dashboards" for ::1 at 2024-12-12 14:01:43 +0530
Processing by SuperAdmin::DashboardsController#index as HTML
  Rendering layout layouts/application.html.erb
  Rendering super_admin/dashboards/index.html.erb within layouts/application
  Rendered super_admin/dashboards/index.html.erb within layouts/application (Duration: 0.1ms | GC: 0.0ms)
  Rendered layouts/_super_admin_sidebar.html.erb (Duration: 0.4ms | GC: 0.0ms)
  Rendered layout layouts/application.html.erb (Duration: 2.6ms | GC: 0.0ms)
Completed 200 OK in 4ms (Views: 2.9ms | ActiveRecord: 0.0ms (0 queries, 0 cached) | GC: 0.0ms)


Started GET "/manifest.json" for ::1 at 2024-12-12 14:01:43 +0530
Processing by Rails::PwaController#manifest as JSON
  Rendering pwa/manifest.json.erb
  Rendered pwa/manifest.json.erb (Duration: 0.1ms | GC: 0.0ms)
Completed 200 OK in 1ms (Views: 0.4ms | ActiveRecord: 0.0ms (0 queries, 0 cached) | GC: 0.0ms)


Started GET "/super_admin/dashboards" for ::1 at 2024-12-12 14:01:54 +0530
Processing by SuperAdmin::DashboardsController#index as HTML
  Rendering layout layouts/application.html.erb
  Rendering super_admin/dashboards/index.html.erb within layouts/application
  Rendered super_admin/dashboards/index.html.erb within layouts/application (Duration: 0.4ms | GC: 0.0ms)
  Rendered layouts/_super_admin_sidebar.html.erb (Duration: 1.1ms | GC: 0.0ms)
  Rendered layout layouts/application.html.erb (Duration: 9.1ms | GC: 0.3ms)
Completed 200 OK in 13ms (Views: 11.3ms | ActiveRecord: 0.0ms (0 queries, 0 cached) | GC: 0.6ms)


Started GET "/manifest.json" for ::1 at 2024-12-12 14:01:54 +0530
Processing by Rails::PwaController#manifest as JSON
  Rendering pwa/manifest.json.erb
  Rendered pwa/manifest.json.erb (Duration: 0.5ms | GC: 0.0ms)
Completed 200 OK in 3ms (Views: 2.3ms | ActiveRecord: 0.0ms (0 queries, 0 cached) | GC: 0.4ms)


Started GET "/super_admin/products" for ::1 at 2024-12-12 14:01:56 +0530
Processing by SuperAdmin::ProductsController#index as HTML
  Rendering layout layouts/application.html.erb
  Rendering super_admin/products/index.html.erb within layouts/application
  Rendered super_admin/products/index.html.erb within layouts/application (Duration: 0.3ms | GC: 0.0ms)
  Rendered layouts/_super_admin_sidebar.html.erb (Duration: 0.4ms | GC: 0.0ms)
  Rendered layout layouts/application.html.erb (Duration: 3.2ms | GC: 0.3ms)
Completed 200 OK in 5ms (Views: 3.9ms | ActiveRecord: 0.0ms (0 queries, 0 cached) | GC: 0.3ms)


Started GET "/manifest.json" for ::1 at 2024-12-12 14:01:56 +0530
Processing by Rails::PwaController#manifest as JSON
  Rendering pwa/manifest.json.erb
  Rendered pwa/manifest.json.erb (Duration: 0.2ms | GC: 0.0ms)
Completed 200 OK in 1ms (Views: 0.6ms | ActiveRecord: 0.0ms (0 queries, 0 cached) | GC: 0.0ms)


Started GET "/super_admin/dashboards" for ::1 at 2024-12-12 14:01:56 +0530
Processing by SuperAdmin::DashboardsController#index as HTML
  Rendering layout layouts/application.html.erb
  Rendering super_admin/dashboards/index.html.erb within layouts/application
  Rendered super_admin/dashboards/index.html.erb within layouts/application (Duration: 0.1ms | GC: 0.0ms)
  Rendered layouts/_super_admin_sidebar.html.erb (Duration: 0.4ms | GC: 0.0ms)
  Rendered layout layouts/application.html.erb (Duration: 2.5ms | GC: 0.0ms)
Completed 200 OK in 4ms (Views: 2.8ms | ActiveRecord: 0.0ms (0 queries, 0 cached) | GC: 0.0ms)


Started GET "/manifest.json" for ::1 at 2024-12-12 14:01:56 +0530
Processing by Rails::PwaController#manifest as JSON
  Rendering pwa/manifest.json.erb
  Rendered pwa/manifest.json.erb (Duration: 0.2ms | GC: 0.0ms)
Completed 200 OK in 1ms (Views: 0.8ms | ActiveRecord: 0.0ms (0 queries, 0 cached) | GC: 0.0ms)


Started GET "/super_admin/dashboards" for ::1 at 2024-12-12 14:01:57 +0530
Processing by SuperAdmin::DashboardsController#index as HTML
  Rendering layout layouts/application.html.erb
  Rendering super_admin/dashboards/index.html.erb within layouts/application
  Rendered super_admin/dashboards/index.html.erb within layouts/application (Duration: 0.2ms | GC: 0.0ms)
  Rendered layouts/_super_admin_sidebar.html.erb (Duration: 0.4ms | GC: 0.0ms)
  Rendered layout layouts/application.html.erb (Duration: 3.2ms | GC: 0.5ms)
Completed 200 OK in 5ms (Views: 3.8ms | ActiveRecord: 0.0ms (0 queries, 0 cached) | GC: 0.5ms)


Started GET "/manifest.json" for ::1 at 2024-12-12 14:01:57 +0530
Processing by Rails::PwaController#manifest as JSON
  Rendering pwa/manifest.json.erb
  Rendered pwa/manifest.json.erb (Duration: 0.2ms | GC: 0.0ms)
Completed 200 OK in 2ms (Views: 0.9ms | ActiveRecord: 0.0ms (0 queries, 0 cached) | GC: 0.0ms)


Started GET "/super_admin/dashboards" for ::1 at 2024-12-12 14:01:58 +0530
Processing by SuperAdmin::DashboardsController#index as HTML
  Rendering layout layouts/application.html.erb
  Rendering super_admin/dashboards/index.html.erb within layouts/application
  Rendered super_admin/dashboards/index.html.erb within layouts/application (Duration: 0.1ms | GC: 0.0ms)
  Rendered layouts/_super_admin_sidebar.html.erb (Duration: 0.4ms | GC: 0.0ms)
  Rendered layout layouts/application.html.erb (Duration: 2.6ms | GC: 0.0ms)
Completed 200 OK in 4ms (Views: 2.9ms | ActiveRecord: 0.0ms (0 queries, 0 cached) | GC: 0.4ms)


Started GET "/manifest.json" for ::1 at 2024-12-12 14:01:58 +0530
Processing by Rails::PwaController#manifest as JSON
  Rendering pwa/manifest.json.erb
  Rendered pwa/manifest.json.erb (Duration: 0.2ms | GC: 0.0ms)
Completed 200 OK in 2ms (Views: 0.6ms | ActiveRecord: 0.0ms (0 queries, 0 cached) | GC: 0.4ms)


Started GET "/super_admin/products" for ::1 at 2024-12-12 14:01:59 +0530
Processing by SuperAdmin::ProductsController#index as HTML
  Rendering layout layouts/application.html.erb
  Rendering super_admin/products/index.html.erb within layouts/application
  Rendered super_admin/products/index.html.erb within layouts/application (Duration: 0.1ms | GC: 0.0ms)
  Rendered layouts/_super_admin_sidebar.html.erb (Duration: 0.5ms | GC: 0.0ms)
  Rendered layout layouts/application.html.erb (Duration: 3.8ms | GC: 0.5ms)
Completed 200 OK in 5ms (Views: 4.1ms | ActiveRecord: 0.0ms (0 queries, 0 cached) | GC: 0.5ms)


Started GET "/manifest.json" for ::1 at 2024-12-12 14:01:59 +0530
Processing by Rails::PwaController#manifest as JSON
  Rendering pwa/manifest.json.erb
  Rendered pwa/manifest.json.erb (Duration: 0.1ms | GC: 0.0ms)
Completed 200 OK in 1ms (Views: 0.4ms | ActiveRecord: 0.0ms (0 queries, 0 cached) | GC: 0.0ms)


Started GET "/super_admin/products" for ::1 at 2024-12-12 14:02:13 +0530
Processing by SuperAdmin::ProductsController#index as HTML
  Rendering layout layouts/application.html.erb
  Rendering super_admin/products/index.html.erb within layouts/application
  Rendered super_admin/products/index.html.erb within layouts/application (Duration: 0.3ms | GC: 0.0ms)
  Rendered layouts/_super_admin_sidebar.html.erb (Duration: 0.9ms | GC: 0.0ms)
  Rendered layout layouts/application.html.erb (Duration: 8.1ms | GC: 0.7ms)
Completed 200 OK in 11ms (Views: 9.4ms | ActiveRecord: 0.0ms (0 queries, 0 cached) | GC: 0.7ms)


Started GET "/manifest.json" for ::1 at 2024-12-12 14:02:13 +0530
Processing by Rails::PwaController#manifest as JSON
  Rendering pwa/manifest.json.erb
  Rendered pwa/manifest.json.erb (Duration: 0.3ms | GC: 0.0ms)
Completed 200 OK in 2ms (Views: 1.6ms | ActiveRecord: 0.0ms (0 queries, 0 cached) | GC: 0.1ms)


Started GET "/super_admin/products" for ::1 at 2024-12-12 14:03:17 +0530
Processing by SuperAdmin::ProductsController#index as HTML
  Rendering layout layouts/application.html.erb
  Rendering super_admin/products/index.html.erb within layouts/application
  Rendered super_admin/products/index.html.erb within layouts/application (Duration: 0.4ms | GC: 0.0ms)
  Rendered layouts/_super_admin_sidebar.html.erb (Duration: 1.1ms | GC: 0.0ms)
  Rendered layout layouts/application.html.erb (Duration: 8.3ms | GC: 0.2ms)
Completed 200 OK in 12ms (Views: 10.4ms | ActiveRecord: 0.0ms (0 queries, 0 cached) | GC: 0.5ms)


Started GET "/manifest.json" for ::1 at 2024-12-12 14:03:17 +0530
Processing by Rails::PwaController#manifest as JSON
  Rendering pwa/manifest.json.erb
  Rendered pwa/manifest.json.erb (Duration: 0.6ms | GC: 0.0ms)
Completed 200 OK in 3ms (Views: 2.5ms | ActiveRecord: 0.0ms (0 queries, 0 cached) | GC: 0.0ms)


Started GET "/super_admin/products" for ::1 at 2024-12-12 14:03:18 +0530
Processing by SuperAdmin::ProductsController#index as HTML
  Rendering layout layouts/application.html.erb
  Rendering super_admin/products/index.html.erb within layouts/application
  Rendered super_admin/products/index.html.erb within layouts/application (Duration: 0.2ms | GC: 0.0ms)
  Rendered layouts/_super_admin_sidebar.html.erb (Duration: 0.4ms | GC: 0.0ms)
  Rendered layout layouts/application.html.erb (Duration: 3.5ms | GC: 0.0ms)
Completed 200 OK in 5ms (Views: 3.8ms | ActiveRecord: 0.0ms (0 queries, 0 cached) | GC: 0.0ms)


Started GET "/manifest.json" for ::1 at 2024-12-12 14:03:18 +0530
Processing by Rails::PwaController#manifest as JSON
  Rendering pwa/manifest.json.erb
  Rendered pwa/manifest.json.erb (Duration: 0.1ms | GC: 0.0ms)
Completed 200 OK in 1ms (Views: 0.4ms | ActiveRecord: 0.0ms (0 queries, 0 cached) | GC: 0.0ms)


Started GET "/super_admin/products" for ::1 at 2024-12-12 14:03:19 +0530
Processing by SuperAdmin::ProductsController#index as HTML
  Rendering layout layouts/application.html.erb
  Rendering super_admin/products/index.html.erb within layouts/application
  Rendered super_admin/products/index.html.erb within layouts/application (Duration: 0.1ms | GC: 0.0ms)
  Rendered layouts/_super_admin_sidebar.html.erb (Duration: 0.4ms | GC: 0.0ms)
  Rendered layout layouts/application.html.erb (Duration: 3.1ms | GC: 0.0ms)
Completed 200 OK in 4ms (Views: 3.4ms | ActiveRecord: 0.0ms (0 queries, 0 cached) | GC: 0.0ms)


Started GET "/manifest.json" for ::1 at 2024-12-12 14:03:19 +0530
Processing by Rails::PwaController#manifest as JSON
  Rendering pwa/manifest.json.erb
  Rendered pwa/manifest.json.erb (Duration: 0.2ms | GC: 0.0ms)
Completed 200 OK in 1ms (Views: 0.6ms | ActiveRecord: 0.0ms (0 queries, 0 cached) | GC: 0.0ms)


Started GET "/super_admin/products" for ::1 at 2024-12-12 14:03:19 +0530
Processing by SuperAdmin::ProductsController#index as HTML
  Rendering layout layouts/application.html.erb
  Rendering super_admin/products/index.html.erb within layouts/application
  Rendered super_admin/products/index.html.erb within layouts/application (Duration: 0.1ms | GC: 0.0ms)
  Rendered layouts/_super_admin_sidebar.html.erb (Duration: 0.4ms | GC: 0.0ms)
  Rendered layout layouts/application.html.erb (Duration: 3.4ms | GC: 0.0ms)
Completed 200 OK in 4ms (Views: 3.7ms | ActiveRecord: 0.0ms (0 queries, 0 cached) | GC: 0.0ms)


Started GET "/manifest.json" for ::1 at 2024-12-12 14:03:19 +0530
Processing by Rails::PwaController#manifest as JSON
  Rendering pwa/manifest.json.erb
  Rendered pwa/manifest.json.erb (Duration: 0.1ms | GC: 0.0ms)
Completed 200 OK in 1ms (Views: 0.4ms | ActiveRecord: 0.0ms (0 queries, 0 cached) | GC: 0.0ms)


Started GET "/super_admin/products" for ::1 at 2024-12-12 14:03:28 +0530
Processing by SuperAdmin::ProductsController#index as HTML
  Rendering layout layouts/application.html.erb
  Rendering super_admin/products/index.html.erb within layouts/application
  Rendered super_admin/products/index.html.erb within layouts/application (Duration: 0.2ms | GC: 0.0ms)
  Rendered layouts/_super_admin_sidebar.html.erb (Duration: 0.4ms | GC: 0.0ms)
  Rendered layout layouts/application.html.erb (Duration: 3.2ms | GC: 0.0ms)
Completed 200 OK in 5ms (Views: 3.7ms | ActiveRecord: 0.0ms (0 queries, 0 cached) | GC: 0.5ms)


Started GET "/manifest.json" for ::1 at 2024-12-12 14:03:28 +0530
Processing by Rails::PwaController#manifest as JSON
  Rendering pwa/manifest.json.erb
  Rendered pwa/manifest.json.erb (Duration: 0.1ms | GC: 0.0ms)
Completed 200 OK in 1ms (Views: 0.4ms | ActiveRecord: 0.0ms (0 queries, 0 cached) | GC: 0.0ms)


Started GET "/super_admin/products" for ::1 at 2024-12-12 14:03:34 +0530
Processing by SuperAdmin::ProductsController#index as HTML
  Rendering layout layouts/application.html.erb
  Rendering super_admin/products/index.html.erb within layouts/application
  Rendered super_admin/products/index.html.erb within layouts/application (Duration: 0.1ms | GC: 0.0ms)
  Rendered layouts/_super_admin_sidebar.html.erb (Duration: 0.4ms | GC: 0.0ms)
  Rendered layout layouts/application.html.erb (Duration: 3.5ms | GC: 0.7ms)
Completed 200 OK in 5ms (Views: 4.0ms | ActiveRecord: 0.0ms (0 queries, 0 cached) | GC: 0.7ms)


Started GET "/manifest.json" for ::1 at 2024-12-12 14:03:34 +0530
Processing by Rails::PwaController#manifest as JSON
  Rendering pwa/manifest.json.erb
  Rendered pwa/manifest.json.erb (Duration: 0.1ms | GC: 0.0ms)
Completed 200 OK in 1ms (Views: 0.4ms | ActiveRecord: 0.0ms (0 queries, 0 cached) | GC: 0.0ms)


Started GET "/super_admin/dashboards" for ::1 at 2024-12-12 14:03:35 +0530
Processing by SuperAdmin::DashboardsController#index as HTML
  Rendering layout layouts/application.html.erb
  Rendering super_admin/dashboards/index.html.erb within layouts/application
  Rendered super_admin/dashboards/index.html.erb within layouts/application (Duration: 0.3ms | GC: 0.0ms)
  Rendered layouts/_super_admin_sidebar.html.erb (Duration: 0.4ms | GC: 0.0ms)
  Rendered layout layouts/application.html.erb (Duration: 3.7ms | GC: 0.3ms)
Completed 200 OK in 6ms (Views: 4.5ms | ActiveRecord: 0.0ms (0 queries, 0 cached) | GC: 0.3ms)


Started GET "/manifest.json" for ::1 at 2024-12-12 14:03:35 +0530
Processing by Rails::PwaController#manifest as JSON
  Rendering pwa/manifest.json.erb
  Rendered pwa/manifest.json.erb (Duration: 0.2ms | GC: 0.0ms)
Completed 200 OK in 1ms (Views: 0.7ms | ActiveRecord: 0.0ms (0 queries, 0 cached) | GC: 0.0ms)


Started GET "/super_admin/products" for ::1 at 2024-12-12 14:03:39 +0530
Processing by SuperAdmin::ProductsController#index as HTML
  Rendering layout layouts/application.html.erb
  Rendering super_admin/products/index.html.erb within layouts/application
  Rendered super_admin/products/index.html.erb within layouts/application (Duration: 0.1ms | GC: 0.0ms)
  Rendered layouts/_super_admin_sidebar.html.erb (Duration: 0.4ms | GC: 0.0ms)
  Rendered layout layouts/application.html.erb (Duration: 3.6ms | GC: 0.0ms)
Completed 200 OK in 5ms (Views: 4.0ms | ActiveRecord: 0.0ms (0 queries, 0 cached) | GC: 0.0ms)


Started GET "/manifest.json" for ::1 at 2024-12-12 14:03:39 +0530
Processing by Rails::PwaController#manifest as JSON
  Rendering pwa/manifest.json.erb
  Rendered pwa/manifest.json.erb (Duration: 0.1ms | GC: 0.0ms)
Completed 200 OK in 1ms (Views: 0.5ms | ActiveRecord: 0.0ms (0 queries, 0 cached) | GC: 0.0ms)


Started GET "/super_admin/products" for ::1 at 2024-12-12 14:04:02 +0530
Processing by SuperAdmin::ProductsController#index as HTML
  Rendering layout layouts/application.html.erb
  Rendering super_admin/products/index.html.erb within layouts/application
  Rendered layouts/_super_admin_sidebar.html.erb (Duration: 8.9ms | GC: 7.6ms)
  Rendered super_admin/products/index.html.erb within layouts/application (Duration: 14.3ms | GC: 12.0ms)
  Rendered layout layouts/application.html.erb (Duration: 32.0ms | GC: 24.0ms)
Completed 200 OK in 41ms (Views: 35.9ms | ActiveRecord: 0.0ms (0 queries, 0 cached) | GC: 29.5ms)


Started GET "/manifest.json" for ::1 at 2024-12-12 14:04:02 +0530
Processing by Rails::PwaController#manifest as JSON
  Rendering pwa/manifest.json.erb
  Rendered pwa/manifest.json.erb (Duration: 0.4ms | GC: 0.0ms)
Completed 200 OK in 2ms (Views: 1.8ms | ActiveRecord: 0.0ms (0 queries, 0 cached) | GC: 0.0ms)


Started GET "/super_admin/products" for ::1 at 2024-12-12 14:08:49 +0530
Processing by SuperAdmin::ProductsController#index as HTML
  Rendering layout layouts/application.html.erb
  Rendering super_admin/products/index.html.erb within layouts/application
  Rendered layouts/_super_admin_sidebar.html.erb (Duration: 0.7ms | GC: 0.0ms)
  Rendered super_admin/products/index.html.erb within layouts/application (Duration: 1.1ms | GC: 0.0ms)
  Rendered layout layouts/application.html.erb (Duration: 3.9ms | GC: 0.6ms)
Completed 200 OK in 6ms (Views: 4.5ms | ActiveRecord: 0.0ms (0 queries, 0 cached) | GC: 0.6ms)


Started GET "/manifest.json" for ::1 at 2024-12-12 14:08:49 +0530
Processing by Rails::PwaController#manifest as JSON
  Rendering pwa/manifest.json.erb
  Rendered pwa/manifest.json.erb (Duration: 0.1ms | GC: 0.0ms)
Completed 200 OK in 1ms (Views: 0.6ms | ActiveRecord: 0.0ms (0 queries, 0 cached) | GC: 0.0ms)


Started GET "/super_admin/products" for ::1 at 2024-12-12 14:09:16 +0530
Processing by SuperAdmin::ProductsController#index as HTML
  Rendering layout layouts/application.html.erb
  Rendering super_admin/products/index.html.erb within layouts/application
  Rendered layouts/_super_admin_sidebar.html.erb (Duration: 1.1ms | GC: 0.0ms)
  Rendered super_admin/products/index.html.erb within layouts/application (Duration: 2.3ms | GC: 0.3ms)
  Rendered layout layouts/application.html.erb (Duration: 12.8ms | GC: 0.8ms)
Completed 200 OK in 16ms (Views: 14.6ms | ActiveRecord: 0.0ms (0 queries, 0 cached) | GC: 0.8ms)


Started GET "/manifest.json" for ::1 at 2024-12-12 14:09:17 +0530
Processing by Rails::PwaController#manifest as JSON
  Rendering pwa/manifest.json.erb
  Rendered pwa/manifest.json.erb (Duration: 0.8ms | GC: 0.4ms)
Completed 200 OK in 3ms (Views: 2.4ms | ActiveRecord: 0.0ms (0 queries, 0 cached) | GC: 0.4ms)


Started GET "/super_admin/products" for ::1 at 2024-12-12 14:09:33 +0530
Processing by SuperAdmin::ProductsController#index as HTML
  Rendering layout layouts/application.html.erb
  Rendering super_admin/products/index.html.erb within layouts/application
  Rendered layouts/_super_admin_sidebar.html.erb (Duration: 1.2ms | GC: 0.0ms)
  Rendered super_admin/products/index.html.erb within layouts/application (Duration: 2.0ms | GC: 0.0ms)
  Rendered layout layouts/application.html.erb (Duration: 8.1ms | GC: 0.8ms)
Completed 200 OK in 11ms (Views: 9.5ms | ActiveRecord: 0.0ms (0 queries, 0 cached) | GC: 1.2ms)


Started GET "/manifest.json" for ::1 at 2024-12-12 14:09:34 +0530
Processing by Rails::PwaController#manifest as JSON
  Rendering pwa/manifest.json.erb
  Rendered pwa/manifest.json.erb (Duration: 0.5ms | GC: 0.0ms)
Completed 200 OK in 2ms (Views: 1.6ms | ActiveRecord: 0.0ms (0 queries, 0 cached) | GC: 0.0ms)


Started GET "/super_admin/products" for ::1 at 2024-12-12 14:09:55 +0530
Processing by SuperAdmin::ProductsController#index as HTML
  Rendering layout layouts/application.html.erb
  Rendering super_admin/products/index.html.erb within layouts/application
  Rendered layouts/_super_admin_sidebar.html.erb (Duration: 1.1ms | GC: 0.0ms)
  Rendered super_admin/products/index.html.erb within layouts/application (Duration: 2.2ms | GC: 0.3ms)
  Rendered layout layouts/application.html.erb (Duration: 6.8ms | GC: 0.4ms)
Completed 200 OK in 10ms (Views: 8.1ms | ActiveRecord: 0.0ms (0 queries, 0 cached) | GC: 0.4ms)


Started GET "/manifest.json" for ::1 at 2024-12-12 14:09:55 +0530
Processing by Rails::PwaController#manifest as JSON
  Rendering pwa/manifest.json.erb
  Rendered pwa/manifest.json.erb (Duration: 0.3ms | GC: 0.0ms)
Completed 200 OK in 2ms (Views: 1.4ms | ActiveRecord: 0.0ms (0 queries, 0 cached) | GC: 0.0ms)


Started GET "/super_admin/products" for ::1 at 2024-12-12 14:10:02 +0530
Processing by SuperAdmin::ProductsController#index as HTML
  Rendering layout layouts/application.html.erb
  Rendering super_admin/products/index.html.erb within layouts/application
  Rendered layouts/_super_admin_sidebar.html.erb (Duration: 1.2ms | GC: 0.0ms)
  Rendered super_admin/products/index.html.erb within layouts/application (Duration: 2.0ms | GC: 0.0ms)
  Rendered layout layouts/application.html.erb (Duration: 7.4ms | GC: 0.4ms)
Completed 200 OK in 11ms (Views: 8.9ms | ActiveRecord: 0.0ms (0 queries, 0 cached) | GC: 0.7ms)


Started GET "/manifest.json" for ::1 at 2024-12-12 14:10:02 +0530
Processing by Rails::PwaController#manifest as JSON
  Rendering pwa/manifest.json.erb
  Rendered pwa/manifest.json.erb (Duration: 0.4ms | GC: 0.0ms)
Completed 200 OK in 2ms (Views: 1.4ms | ActiveRecord: 0.0ms (0 queries, 0 cached) | GC: 0.0ms)


Started GET "/super_admin/products" for ::1 at 2024-12-12 14:10:07 +0530
Processing by SuperAdmin::ProductsController#index as HTML
  Rendering layout layouts/application.html.erb
  Rendering super_admin/products/index.html.erb within layouts/application
  Rendered layouts/_super_admin_sidebar.html.erb (Duration: 1.1ms | GC: 0.0ms)
  Rendered super_admin/products/index.html.erb within layouts/application (Duration: 1.9ms | GC: 0.0ms)
  Rendered layout layouts/application.html.erb (Duration: 9.9ms | GC: 3.0ms)
Completed 200 OK in 13ms (Views: 11.3ms | ActiveRecord: 0.0ms (0 queries, 0 cached) | GC: 3.0ms)


Started GET "/manifest.json" for ::1 at 2024-12-12 14:10:07 +0530
Processing by Rails::PwaController#manifest as JSON
  Rendering pwa/manifest.json.erb
  Rendered pwa/manifest.json.erb (Duration: 0.3ms | GC: 0.0ms)
Completed 200 OK in 2ms (Views: 1.4ms | ActiveRecord: 0.0ms (0 queries, 0 cached) | GC: 0.0ms)


Started GET "/super_admin/products" for ::1 at 2024-12-12 14:10:16 +0530
Processing by SuperAdmin::ProductsController#index as HTML
  Rendering layout layouts/application.html.erb
  Rendering super_admin/products/index.html.erb within layouts/application
  Rendered layouts/_super_admin_sidebar.html.erb (Duration: 1.3ms | GC: 0.0ms)
  Rendered super_admin/products/index.html.erb within layouts/application (Duration: 2.1ms | GC: 0.0ms)
  Rendered layout layouts/application.html.erb (Duration: 7.4ms | GC: 0.4ms)
Completed 200 OK in 10ms (Views: 8.8ms | ActiveRecord: 0.0ms (0 queries, 0 cached) | GC: 0.6ms)


Started GET "/manifest.json" for ::1 at 2024-12-12 14:10:17 +0530
Processing by Rails::PwaController#manifest as JSON
  Rendering pwa/manifest.json.erb
  Rendered pwa/manifest.json.erb (Duration: 0.3ms | GC: 0.0ms)
Completed 200 OK in 2ms (Views: 1.4ms | ActiveRecord: 0.0ms (0 queries, 0 cached) | GC: 0.0ms)


Started GET "/super_admin/products" for ::1 at 2024-12-12 14:10:33 +0530
Processing by SuperAdmin::ProductsController#index as HTML
  Rendering layout layouts/application.html.erb
  Rendering super_admin/products/index.html.erb within layouts/application
  Rendered layouts/_super_admin_sidebar.html.erb (Duration: 1.5ms | GC: 0.3ms)
  Rendered super_admin/products/index.html.erb within layouts/application (Duration: 2.2ms | GC: 0.3ms)
  Rendered layout layouts/application.html.erb (Duration: 7.5ms | GC: 0.6ms)
Completed 200 OK in 10ms (Views: 8.8ms | ActiveRecord: 0.0ms (0 queries, 0 cached) | GC: 0.6ms)


Started GET "/manifest.json" for ::1 at 2024-12-12 14:10:33 +0530
Processing by Rails::PwaController#manifest as JSON
  Rendering pwa/manifest.json.erb
  Rendered pwa/manifest.json.erb (Duration: 0.3ms | GC: 0.0ms)
Completed 200 OK in 2ms (Views: 1.5ms | ActiveRecord: 0.0ms (0 queries, 0 cached) | GC: 0.0ms)


Started GET "/super_admin/products" for ::1 at 2024-12-12 14:10:34 +0530
Processing by SuperAdmin::ProductsController#index as HTML
  Rendering layout layouts/application.html.erb
  Rendering super_admin/products/index.html.erb within layouts/application
  Rendered layouts/_super_admin_sidebar.html.erb (Duration: 0.7ms | GC: 0.0ms)
  Rendered super_admin/products/index.html.erb within layouts/application (Duration: 1.2ms | GC: 0.0ms)
  Rendered layout layouts/application.html.erb (Duration: 3.7ms | GC: 0.0ms)
Completed 200 OK in 5ms (Views: 4.2ms | ActiveRecord: 0.0ms (0 queries, 0 cached) | GC: 0.0ms)


Started GET "/manifest.json" for ::1 at 2024-12-12 14:10:34 +0530
Processing by Rails::PwaController#manifest as JSON
  Rendering pwa/manifest.json.erb
  Rendered pwa/manifest.json.erb (Duration: 0.2ms | GC: 0.0ms)
Completed 200 OK in 2ms (Views: 0.6ms | ActiveRecord: 0.0ms (0 queries, 0 cached) | GC: 0.0ms)


Started GET "/super_admin/products" for ::1 at 2024-12-12 14:10:45 +0530
Processing by SuperAdmin::ProductsController#index as HTML
  Rendering layout layouts/application.html.erb
  Rendering super_admin/products/index.html.erb within layouts/application
  Rendered layouts/_super_admin_sidebar.html.erb (Duration: 1.1ms | GC: 0.0ms)
  Rendered super_admin/products/index.html.erb within layouts/application (Duration: 1.9ms | GC: 0.0ms)
  Rendered layout layouts/application.html.erb (Duration: 7.2ms | GC: 0.0ms)
Completed 200 OK in 10ms (Views: 8.7ms | ActiveRecord: 0.0ms (0 queries, 0 cached) | GC: 0.0ms)


Started GET "/manifest.json" for ::1 at 2024-12-12 14:10:45 +0530
Processing by Rails::PwaController#manifest as JSON
  Rendering pwa/manifest.json.erb
  Rendered pwa/manifest.json.erb (Duration: 0.3ms | GC: 0.0ms)
Completed 200 OK in 2ms (Views: 1.6ms | ActiveRecord: 0.0ms (0 queries, 0 cached) | GC: 0.0ms)


Started GET "/super_admin/products" for ::1 at 2024-12-12 14:10:46 +0530
Processing by SuperAdmin::ProductsController#index as HTML
  Rendering layout layouts/application.html.erb
  Rendering super_admin/products/index.html.erb within layouts/application
  Rendered layouts/_super_admin_sidebar.html.erb (Duration: 0.7ms | GC: 0.0ms)
  Rendered super_admin/products/index.html.erb within layouts/application (Duration: 0.9ms | GC: 0.0ms)
  Rendered layout layouts/application.html.erb (Duration: 6.4ms | GC: 3.5ms)
Completed 200 OK in 8ms (Views: 6.7ms | ActiveRecord: 0.0ms (0 queries, 0 cached) | GC: 3.5ms)


Started GET "/manifest.json" for ::1 at 2024-12-12 14:10:46 +0530
Processing by Rails::PwaController#manifest as JSON
  Rendering pwa/manifest.json.erb
  Rendered pwa/manifest.json.erb (Duration: 0.1ms | GC: 0.0ms)
Completed 200 OK in 1ms (Views: 0.4ms | ActiveRecord: 0.0ms (0 queries, 0 cached) | GC: 0.0ms)


Started GET "/super_admin/products" for ::1 at 2024-12-12 14:10:46 +0530
Processing by SuperAdmin::ProductsController#index as HTML
  Rendering layout layouts/application.html.erb
  Rendering super_admin/products/index.html.erb within layouts/application
  Rendered layouts/_super_admin_sidebar.html.erb (Duration: 0.7ms | GC: 0.0ms)
  Rendered super_admin/products/index.html.erb within layouts/application (Duration: 1.0ms | GC: 0.0ms)
  Rendered layout layouts/application.html.erb (Duration: 3.0ms | GC: 0.0ms)
Completed 200 OK in 4ms (Views: 3.3ms | ActiveRecord: 0.0ms (0 queries, 0 cached) | GC: 0.0ms)


Started GET "/manifest.json" for ::1 at 2024-12-12 14:10:46 +0530
Processing by Rails::PwaController#manifest as JSON
  Rendering pwa/manifest.json.erb
  Rendered pwa/manifest.json.erb (Duration: 0.1ms | GC: 0.0ms)
Completed 200 OK in 1ms (Views: 0.4ms | ActiveRecord: 0.0ms (0 queries, 0 cached) | GC: 0.0ms)


Started GET "/super_admin/products" for ::1 at 2024-12-12 14:10:46 +0530
Processing by SuperAdmin::ProductsController#index as HTML
  Rendering layout layouts/application.html.erb
  Rendering super_admin/products/index.html.erb within layouts/application
  Rendered layouts/_super_admin_sidebar.html.erb (Duration: 1.2ms | GC: 0.4ms)
  Rendered super_admin/products/index.html.erb within layouts/application (Duration: 1.5ms | GC: 0.4ms)
  Rendered layout layouts/application.html.erb (Duration: 3.2ms | GC: 0.4ms)
Completed 200 OK in 4ms (Views: 3.6ms | ActiveRecord: 0.0ms (0 queries, 0 cached) | GC: 0.4ms)


Started GET "/manifest.json" for ::1 at 2024-12-12 14:10:46 +0530
Processing by Rails::PwaController#manifest as JSON
  Rendering pwa/manifest.json.erb
  Rendered pwa/manifest.json.erb (Duration: 0.1ms | GC: 0.0ms)
Completed 200 OK in 1ms (Views: 0.4ms | ActiveRecord: 0.0ms (0 queries, 0 cached) | GC: 0.0ms)


Started GET "/super_admin/products" for ::1 at 2024-12-12 14:12:17 +0530
Processing by SuperAdmin::ProductsController#index as HTML
  Rendering layout layouts/application.html.erb
  Rendering super_admin/products/index.html.erb within layouts/application
  Rendered layouts/_super_admin_sidebar.html.erb (Duration: 1.3ms | GC: 0.0ms)
  Rendered super_admin/products/index.html.erb within layouts/application (Duration: 2.4ms | GC: 0.0ms)
  Rendered layout layouts/application.html.erb (Duration: 7.3ms | GC: 0.3ms)
Completed 200 OK in 11ms (Views: 9.3ms | ActiveRecord: 0.0ms (0 queries, 0 cached) | GC: 0.5ms)


Started GET "/manifest.json" for ::1 at 2024-12-12 14:12:17 +0530
Processing by Rails::PwaController#manifest as JSON
  Rendering pwa/manifest.json.erb
  Rendered pwa/manifest.json.erb (Duration: 0.4ms | GC: 0.0ms)
Completed 200 OK in 2ms (Views: 1.8ms | ActiveRecord: 0.0ms (0 queries, 0 cached) | GC: 0.0ms)


Started GET "/super_admin/products" for ::1 at 2024-12-12 14:12:18 +0530
Processing by SuperAdmin::ProductsController#index as HTML
  Rendering layout layouts/application.html.erb
  Rendering super_admin/products/index.html.erb within layouts/application
  Rendered layouts/_super_admin_sidebar.html.erb (Duration: 1.0ms | GC: 0.0ms)
  Rendered super_admin/products/index.html.erb within layouts/application (Duration: 1.3ms | GC: 0.0ms)
  Rendered layout layouts/application.html.erb (Duration: 3.1ms | GC: 0.0ms)
Completed 200 OK in 5ms (Views: 3.5ms | ActiveRecord: 0.0ms (0 queries, 0 cached) | GC: 0.0ms)


Started GET "/manifest.json" for ::1 at 2024-12-12 14:12:18 +0530
Processing by Rails::PwaController#manifest as JSON
  Rendering pwa/manifest.json.erb
  Rendered pwa/manifest.json.erb (Duration: 0.1ms | GC: 0.0ms)
Completed 200 OK in 1ms (Views: 0.4ms | ActiveRecord: 0.0ms (0 queries, 0 cached) | GC: 0.0ms)


Started GET "/super_admin/products" for ::1 at 2024-12-12 14:12:55 +0530
Processing by SuperAdmin::ProductsController#index as HTML
  Rendering layout layouts/application.html.erb
  Rendering super_admin/products/index.html.erb within layouts/application
  Rendered layouts/_super_admin_sidebar.html.erb (Duration: 1.1ms | GC: 0.0ms)
  Rendered super_admin/products/index.html.erb within layouts/application (Duration: 1.8ms | GC: 0.0ms)
  Rendered layout layouts/application.html.erb (Duration: 8.0ms | GC: 0.3ms)
Completed 200 OK in 11ms (Views: 9.4ms | ActiveRecord: 0.0ms (0 queries, 0 cached) | GC: 0.6ms)


Started GET "/manifest.json" for ::1 at 2024-12-12 14:12:56 +0530
Processing by Rails::PwaController#manifest as JSON
  Rendering pwa/manifest.json.erb
  Rendered pwa/manifest.json.erb (Duration: 0.4ms | GC: 0.0ms)
Completed 200 OK in 2ms (Views: 1.6ms | ActiveRecord: 0.0ms (0 queries, 0 cached) | GC: 0.0ms)


Started GET "/super_admin/products" for ::1 at 2024-12-12 14:13:29 +0530
Processing by SuperAdmin::ProductsController#index as HTML
  Rendering layout layouts/application.html.erb
  Rendering super_admin/products/index.html.erb within layouts/application
  Rendered layouts/_super_admin_sidebar.html.erb (Duration: 1.1ms | GC: 0.0ms)
  Rendered super_admin/products/index.html.erb within layouts/application (Duration: 2.0ms | GC: 0.0ms)
  Rendered layout layouts/application.html.erb (Duration: 7.4ms | GC: 0.5ms)
Completed 200 OK in 11ms (Views: 9.3ms | ActiveRecord: 0.0ms (0 queries, 0 cached) | GC: 1.3ms)


Started GET "/manifest.json" for ::1 at 2024-12-12 14:13:29 +0530
Processing by Rails::PwaController#manifest as JSON
  Rendering pwa/manifest.json.erb
  Rendered pwa/manifest.json.erb (Duration: 0.3ms | GC: 0.0ms)
Completed 200 OK in 2ms (Views: 1.4ms | ActiveRecord: 0.0ms (0 queries, 0 cached) | GC: 0.0ms)


Started GET "/super_admin/products" for ::1 at 2024-12-12 14:15:56 +0530
Processing by SuperAdmin::ProductsController#index as HTML
  Rendering layout layouts/application.html.erb
  Rendering super_admin/products/index.html.erb within layouts/application
  Rendered layouts/_super_admin_sidebar.html.erb (Duration: 0.8ms | GC: 0.0ms)
  Rendered super_admin/products/index.html.erb within layouts/application (Duration: 1.1ms | GC: 0.0ms)
  Rendered layout layouts/application.html.erb (Duration: 12.6ms | GC: 0.3ms)
Completed 200 OK in 14ms (Views: 13.3ms | ActiveRecord: 0.0ms (0 queries, 0 cached) | GC: 0.3ms)


Started GET "/manifest.json" for ::1 at 2024-12-12 14:15:56 +0530
Processing by Rails::PwaController#manifest as JSON
  Rendering pwa/manifest.json.erb
  Rendered pwa/manifest.json.erb (Duration: 0.1ms | GC: 0.0ms)
Completed 200 OK in 1ms (Views: 0.6ms | ActiveRecord: 0.0ms (0 queries, 0 cached) | GC: 0.0ms)


Started GET "/super_admin/products" for ::1 at 2024-12-12 14:15:57 +0530
Processing by SuperAdmin::ProductsController#index as HTML
  Rendering layout layouts/application.html.erb
  Rendering super_admin/products/index.html.erb within layouts/application
  Rendered layouts/_super_admin_sidebar.html.erb (Duration: 0.9ms | GC: 0.0ms)
  Rendered super_admin/products/index.html.erb within layouts/application (Duration: 1.2ms | GC: 0.0ms)
  Rendered layout layouts/application.html.erb (Duration: 2.9ms | GC: 0.0ms)
Completed 200 OK in 5ms (Views: 3.4ms | ActiveRecord: 0.0ms (0 queries, 0 cached) | GC: 0.2ms)


Started GET "/manifest.json" for ::1 at 2024-12-12 14:15:57 +0530
Processing by Rails::PwaController#manifest as JSON
  Rendering pwa/manifest.json.erb
  Rendered pwa/manifest.json.erb (Duration: 0.1ms | GC: 0.0ms)
Completed 200 OK in 1ms (Views: 0.5ms | ActiveRecord: 0.0ms (0 queries, 0 cached) | GC: 0.0ms)


Started GET "/super_admin/products" for ::1 at 2024-12-12 14:15:57 +0530
Processing by SuperAdmin::ProductsController#index as HTML
  Rendering layout layouts/application.html.erb
  Rendering super_admin/products/index.html.erb within layouts/application
  Rendered layouts/_super_admin_sidebar.html.erb (Duration: 1.0ms | GC: 0.3ms)
  Rendered super_admin/products/index.html.erb within layouts/application (Duration: 1.3ms | GC: 0.3ms)
  Rendered layout layouts/application.html.erb (Duration: 3.4ms | GC: 0.3ms)
Completed 200 OK in 5ms (Views: 3.7ms | ActiveRecord: 0.0ms (0 queries, 0 cached) | GC: 0.3ms)


Started GET "/manifest.json" for ::1 at 2024-12-12 14:15:57 +0530
Processing by Rails::PwaController#manifest as JSON
  Rendering pwa/manifest.json.erb
  Rendered pwa/manifest.json.erb (Duration: 0.1ms | GC: 0.0ms)
Completed 200 OK in 1ms (Views: 0.4ms | ActiveRecord: 0.0ms (0 queries, 0 cached) | GC: 0.0ms)


Started GET "/super_admin/products" for ::1 at 2024-12-12 14:15:57 +0530
Processing by SuperAdmin::ProductsController#index as HTML
  Rendering layout layouts/application.html.erb
  Rendering super_admin/products/index.html.erb within layouts/application
  Rendered layouts/_super_admin_sidebar.html.erb (Duration: 0.7ms | GC: 0.0ms)
  Rendered super_admin/products/index.html.erb within layouts/application (Duration: 0.9ms | GC: 0.0ms)
  Rendered layout layouts/application.html.erb (Duration: 2.7ms | GC: 0.0ms)
Completed 200 OK in 4ms (Views: 3.0ms | ActiveRecord: 0.0ms (0 queries, 0 cached) | GC: 0.0ms)


Started GET "/manifest.json" for ::1 at 2024-12-12 14:15:57 +0530
Processing by Rails::PwaController#manifest as JSON
  Rendering pwa/manifest.json.erb
  Rendered pwa/manifest.json.erb (Duration: 0.2ms | GC: 0.0ms)
Completed 200 OK in 2ms (Views: 0.6ms | ActiveRecord: 0.0ms (0 queries, 0 cached) | GC: 0.0ms)


Started GET "/super_admin/products" for ::1 at 2024-12-12 14:15:57 +0530
Processing by SuperAdmin::ProductsController#index as HTML
  Rendering layout layouts/application.html.erb
  Rendering super_admin/products/index.html.erb within layouts/application
  Rendered layouts/_super_admin_sidebar.html.erb (Duration: 1.2ms | GC: 0.4ms)
  Rendered super_admin/products/index.html.erb within layouts/application (Duration: 1.5ms | GC: 0.4ms)
  Rendered layout layouts/application.html.erb (Duration: 4.1ms | GC: 0.4ms)
Completed 200 OK in 5ms (Views: 4.6ms | ActiveRecord: 0.0ms (0 queries, 0 cached) | GC: 0.4ms)


Started GET "/manifest.json" for ::1 at 2024-12-12 14:15:57 +0530
Processing by Rails::PwaController#manifest as JSON
  Rendering pwa/manifest.json.erb
  Rendered pwa/manifest.json.erb (Duration: 0.1ms | GC: 0.0ms)
Completed 200 OK in 1ms (Views: 0.4ms | ActiveRecord: 0.0ms (0 queries, 0 cached) | GC: 0.0ms)


Started GET "/super_admin/products" for ::1 at 2024-12-12 14:15:58 +0530
Processing by SuperAdmin::ProductsController#index as HTML
  Rendering layout layouts/application.html.erb
  Rendering super_admin/products/index.html.erb within layouts/application
  Rendered layouts/_super_admin_sidebar.html.erb (Duration: 0.8ms | GC: 0.0ms)
  Rendered super_admin/products/index.html.erb within layouts/application (Duration: 1.1ms | GC: 0.0ms)
  Rendered layout layouts/application.html.erb (Duration: 2.9ms | GC: 0.0ms)
Completed 200 OK in 5ms (Views: 3.6ms | ActiveRecord: 0.0ms (0 queries, 0 cached) | GC: 0.3ms)


Started GET "/manifest.json" for ::1 at 2024-12-12 14:15:58 +0530
Processing by Rails::PwaController#manifest as JSON
  Rendering pwa/manifest.json.erb
  Rendered pwa/manifest.json.erb (Duration: 0.1ms | GC: 0.0ms)
Completed 200 OK in 1ms (Views: 0.4ms | ActiveRecord: 0.0ms (0 queries, 0 cached) | GC: 0.0ms)


Started GET "/super_admin/products" for ::1 at 2024-12-12 14:18:27 +0530
Processing by SuperAdmin::ProductsController#index as HTML
  Rendering layout layouts/application.html.erb
  Rendering super_admin/products/index.html.erb within layouts/application
  Rendered layouts/_super_admin_sidebar.html.erb (Duration: 0.7ms | GC: 0.0ms)
  Rendered super_admin/products/index.html.erb within layouts/application (Duration: 0.9ms | GC: 0.0ms)
  Rendered layout layouts/application.html.erb (Duration: 15.7ms | GC: 0.4ms)
Completed 200 OK in 17ms (Views: 16.2ms | ActiveRecord: 0.0ms (0 queries, 0 cached) | GC: 0.4ms)


Started GET "/manifest.json" for ::1 at 2024-12-12 14:18:27 +0530
Processing by Rails::PwaController#manifest as JSON
  Rendering pwa/manifest.json.erb
  Rendered pwa/manifest.json.erb (Duration: 0.2ms | GC: 0.0ms)
Completed 200 OK in 1ms (Views: 0.7ms | ActiveRecord: 0.0ms (0 queries, 0 cached) | GC: 0.0ms)


Started GET "/super_admin/products" for ::1 at 2024-12-12 14:21:45 +0530
Processing by SuperAdmin::ProductsController#index as HTML
  Rendering layout layouts/application.html.erb
  Rendering super_admin/products/index.html.erb within layouts/application
  Rendered super_admin/products/index.html.erb within layouts/application (Duration: 1.4ms | GC: 0.0ms)
  Rendered layout layouts/application.html.erb (Duration: 1.6ms | GC: 0.0ms)
Completed 500 Internal Server Error in 5ms (ActiveRecord: 0.0ms (0 queries, 0 cached) | GC: 0.4ms)


  
ActionView::Template::Error (Missing partial super_admin/products/_menubar, application/_menubar with {:locale=>[:en], :formats=>[:html], :variants=>[], :handlers=>[:raw, :erb, :html, :builder, :ruby, :jbuilder]}.

Searched in:
  * "/Users/rvj/Desktop/projects/Food/app/views"
  * "/Users/rvj/.rvm/rubies/ruby-3.2.2/lib/ruby/gems/3.2.0/gems/turbo-rails-2.0.6/app/views"
  * "/Users/rvj/.rvm/rubies/ruby-3.2.2/lib/ruby/gems/3.2.0/gems/actiontext-7.2.1/app/views"
  * "/Users/rvj/.rvm/rubies/ruby-3.2.2/lib/ruby/gems/3.2.0/gems/actionmailbox-7.2.1/app/views"
):

Causes:
ActionView::MissingTemplate (Missing partial super_admin/products/_menubar, application/_menubar with {:locale=>[:en], :formats=>[:html], :variants=>[], :handlers=>[:raw, :erb, :html, :builder, :ruby, :jbuilder]}.

Searched in:
  * "/Users/rvj/Desktop/projects/Food/app/views"
  * "/Users/rvj/.rvm/rubies/ruby-3.2.2/lib/ruby/gems/3.2.0/gems/turbo-rails-2.0.6/app/views"
  * "/Users/rvj/.rvm/rubies/ruby-3.2.2/lib/ruby/gems/3.2.0/gems/actiontext-7.2.1/app/views"
  * "/Users/rvj/.rvm/rubies/ruby-3.2.2/lib/ruby/gems/3.2.0/gems/actionmailbox-7.2.1/app/views"
)
    1: <%= render "menubar" %>
  
app/views/super_admin/products/index.html.erb:1
Started GET "/super_admin/products" for ::1 at 2024-12-12 14:22:28 +0530
Processing by SuperAdmin::ProductsController#index as HTML
  Rendering layout layouts/application.html.erb
  Rendering super_admin/products/index.html.erb within layouts/application
  Rendered super_admin/products/index.html.erb within layouts/application (Duration: 1.8ms | GC: 0.5ms)
  Rendered layout layouts/application.html.erb (Duration: 2.0ms | GC: 0.5ms)
Completed 500 Internal Server Error in 5ms (ActiveRecord: 0.0ms (0 queries, 0 cached) | GC: 0.5ms)


  
ActionView::Template::Error (Missing partial ./_menubar with {:locale=>[:en], :formats=>[:html], :variants=>[], :handlers=>[:raw, :erb, :html, :builder, :ruby, :jbuilder]}.

Searched in:
  * "/Users/rvj/Desktop/projects/Food/app/views"
  * "/Users/rvj/.rvm/rubies/ruby-3.2.2/lib/ruby/gems/3.2.0/gems/turbo-rails-2.0.6/app/views"
  * "/Users/rvj/.rvm/rubies/ruby-3.2.2/lib/ruby/gems/3.2.0/gems/actiontext-7.2.1/app/views"
  * "/Users/rvj/.rvm/rubies/ruby-3.2.2/lib/ruby/gems/3.2.0/gems/actionmailbox-7.2.1/app/views"
):

Causes:
ActionView::MissingTemplate (Missing partial ./_menubar with {:locale=>[:en], :formats=>[:html], :variants=>[], :handlers=>[:raw, :erb, :html, :builder, :ruby, :jbuilder]}.

Searched in:
  * "/Users/rvj/Desktop/projects/Food/app/views"
  * "/Users/rvj/.rvm/rubies/ruby-3.2.2/lib/ruby/gems/3.2.0/gems/turbo-rails-2.0.6/app/views"
  * "/Users/rvj/.rvm/rubies/ruby-3.2.2/lib/ruby/gems/3.2.0/gems/actiontext-7.2.1/app/views"
  * "/Users/rvj/.rvm/rubies/ruby-3.2.2/lib/ruby/gems/3.2.0/gems/actionmailbox-7.2.1/app/views"
)
    1: <%= render "./menubar" %>
  
app/views/super_admin/products/index.html.erb:1
Started GET "/super_admin/products" for ::1 at 2024-12-12 14:25:07 +0530
Processing by SuperAdmin::ProductsController#index as HTML
  Rendering layout layouts/application.html.erb
  Rendering super_admin/products/index.html.erb within layouts/application
  Rendered shared/_menubar.html.erb (Duration: 0.6ms | GC: 0.0ms)
  Rendered super_admin/products/index.html.erb within layouts/application (Duration: 1.4ms | GC: 0.0ms)
  Rendered layout layouts/application.html.erb (Duration: 15.2ms | GC: 0.4ms)
Completed 200 OK in 19ms (Views: 16.8ms | ActiveRecord: 0.0ms (0 queries, 0 cached) | GC: 0.7ms)


Started GET "/manifest.json" for ::1 at 2024-12-12 14:25:07 +0530
Processing by Rails::PwaController#manifest as JSON
  Rendering pwa/manifest.json.erb
  Rendered pwa/manifest.json.erb (Duration: 0.3ms | GC: 0.0ms)
Completed 200 OK in 2ms (Views: 1.4ms | ActiveRecord: 0.0ms (0 queries, 0 cached) | GC: 0.0ms)


Started GET "/products" for ::1 at 2024-12-12 14:26:03 +0530
Processing by ProductsController#index as HTML
  Rendering layout layouts/application.html.erb
  Rendering products/index.html.erb within layouts/application
  Rendered landing_page/_header.html.erb (Duration: 0.7ms | GC: 0.0ms)
  Rendered landing_page/_footer.html (Duration: 0.2ms | GC: 0.0ms)
  Rendered products/index.html.erb within layouts/application (Duration: 3.3ms | GC: 0.0ms)
  Rendered layout layouts/application.html.erb (Duration: 5.9ms | GC: 0.0ms)
Completed 200 OK in 9ms (Views: 7.5ms | ActiveRecord: 0.0ms (0 queries, 0 cached) | GC: 0.6ms)


Started GET "/manifest.json" for ::1 at 2024-12-12 14:26:03 +0530
Processing by Rails::PwaController#manifest as JSON
  Rendering pwa/manifest.json.erb
  Rendered pwa/manifest.json.erb (Duration: 0.1ms | GC: 0.0ms)
Completed 200 OK in 1ms (Views: 0.5ms | ActiveRecord: 0.0ms (0 queries, 0 cached) | GC: 0.0ms)


Started GET "/" for ::1 at 2024-12-12 14:26:05 +0530
Processing by LandingPageController#index as HTML
  Rendering layout layouts/application.html.erb
  Rendering landing_page/index.html.erb within layouts/application
  Rendered landing_page/_header.html.erb (Duration: 0.6ms | GC: 0.0ms)
  Rendered landing_page/_footer.html (Duration: 0.0ms | GC: 0.0ms)
  Rendered landing_page/index.html.erb within layouts/application (Duration: 1.7ms | GC: 0.0ms)
  Rendered layout layouts/application.html.erb (Duration: 4.4ms | GC: 0.0ms)
Completed 200 OK in 6ms (Views: 5.3ms | ActiveRecord: 0.0ms (0 queries, 0 cached) | GC: 0.0ms)


Started GET "/manifest.json" for ::1 at 2024-12-12 14:26:05 +0530
Processing by Rails::PwaController#manifest as JSON
  Rendering pwa/manifest.json.erb
  Rendered pwa/manifest.json.erb (Duration: 0.1ms | GC: 0.0ms)
Completed 200 OK in 1ms (Views: 0.4ms | ActiveRecord: 0.0ms (0 queries, 0 cached) | GC: 0.0ms)


Started GET "/super_admin/dashboards" for ::1 at 2024-12-12 14:26:07 +0530
Processing by SuperAdmin::DashboardsController#index as HTML
  Rendering layout layouts/application.html.erb
  Rendering super_admin/dashboards/index.html.erb within layouts/application
  Rendered shared/_menubar.html.erb (Duration: 0.3ms | GC: 0.0ms)
  Rendered super_admin/dashboards/index.html.erb within layouts/application (Duration: 0.8ms | GC: 0.0ms)
  Rendered layout layouts/application.html.erb (Duration: 4.0ms | GC: 0.2ms)
Completed 200 OK in 6ms (Views: 4.8ms | ActiveRecord: 0.0ms (0 queries, 0 cached) | GC: 0.2ms)


Started GET "/manifest.json" for ::1 at 2024-12-12 14:26:07 +0530
Processing by Rails::PwaController#manifest as JSON
  Rendering pwa/manifest.json.erb
  Rendered pwa/manifest.json.erb (Duration: 0.1ms | GC: 0.0ms)
Completed 200 OK in 1ms (Views: 0.4ms | ActiveRecord: 0.0ms (0 queries, 0 cached) | GC: 0.0ms)


Started GET "/super_admin/dashboards" for ::1 at 2024-12-12 14:26:47 +0530
Processing by SuperAdmin::DashboardsController#index as HTML
  Rendering layout layouts/application.html.erb
  Rendering super_admin/dashboards/index.html.erb within layouts/application
  Rendered shared/_menubar.html.erb (Duration: 0.3ms | GC: 0.0ms)
  Rendered super_admin/dashboards/index.html.erb within layouts/application (Duration: 0.5ms | GC: 0.0ms)
  Rendered layout layouts/application.html.erb (Duration: 2.7ms | GC: 0.0ms)
Completed 200 OK in 4ms (Views: 3.1ms | ActiveRecord: 0.0ms (0 queries, 0 cached) | GC: 0.4ms)


Started GET "/manifest.json" for ::1 at 2024-12-12 14:26:47 +0530
Processing by Rails::PwaController#manifest as JSON
  Rendering pwa/manifest.json.erb
  Rendered pwa/manifest.json.erb (Duration: 0.1ms | GC: 0.0ms)
Completed 200 OK in 1ms (Views: 0.4ms | ActiveRecord: 0.0ms (0 queries, 0 cached) | GC: 0.0ms)


Started GET "/super_admin/dashboards" for ::1 at 2024-12-12 14:28:59 +0530
Processing by SuperAdmin::DashboardsController#index as HTML
  Rendering layout layouts/application.html.erb
  Rendering super_admin/dashboards/index.html.erb within layouts/application
  Rendered shared/_menubar.html.erb (Duration: 0.4ms | GC: 0.0ms)
  Rendered super_admin/dashboards/index.html.erb within layouts/application (Duration: 1.2ms | GC: 0.0ms)
  Rendered layout layouts/application.html.erb (Duration: 7.2ms | GC: 0.8ms)
Completed 200 OK in 11ms (Views: 9.1ms | ActiveRecord: 0.0ms (0 queries, 0 cached) | GC: 1.3ms)


Started GET "/manifest.json" for ::1 at 2024-12-12 14:28:59 +0530
Processing by Rails::PwaController#manifest as JSON
  Rendering pwa/manifest.json.erb
  Rendered pwa/manifest.json.erb (Duration: 0.6ms | GC: 0.0ms)
Completed 200 OK in 4ms (Views: 2.5ms | ActiveRecord: 0.0ms (0 queries, 0 cached) | GC: 0.6ms)


Started GET "/" for ::1 at 2024-12-12 14:29:00 +0530
Processing by LandingPageController#index as HTML
  Rendering layout layouts/application.html.erb
  Rendering landing_page/index.html.erb within layouts/application
  Rendered landing_page/_header.html.erb (Duration: 0.7ms | GC: 0.0ms)
  Rendered landing_page/_footer.html (Duration: 0.2ms | GC: 0.0ms)
  Rendered landing_page/index.html.erb within layouts/application (Duration: 2.2ms | GC: 0.0ms)
  Rendered layout layouts/application.html.erb (Duration: 4.7ms | GC: 0.0ms)
Completed 200 OK in 8ms (Views: 6.6ms | ActiveRecord: 0.0ms (0 queries, 0 cached) | GC: 0.9ms)


Started GET "/manifest.json" for ::1 at 2024-12-12 14:29:00 +0530
Processing by Rails::PwaController#manifest as JSON
  Rendering pwa/manifest.json.erb
  Rendered pwa/manifest.json.erb (Duration: 0.2ms | GC: 0.0ms)
Completed 200 OK in 2ms (Views: 0.6ms | ActiveRecord: 0.0ms (0 queries, 0 cached) | GC: 0.0ms)


Started GET "/products" for ::1 at 2024-12-12 14:29:03 +0530
Processing by ProductsController#index as HTML
  Rendering layout layouts/application.html.erb
  Rendering products/index.html.erb within layouts/application
  Rendered landing_page/_header.html.erb (Duration: 0.3ms | GC: 0.0ms)
  Rendered landing_page/_footer.html (Duration: 0.0ms | GC: 0.0ms)
  Rendered products/index.html.erb within layouts/application (Duration: 1.2ms | GC: 0.0ms)
  Rendered layout layouts/application.html.erb (Duration: 4.7ms | GC: 0.2ms)
Completed 200 OK in 7ms (Views: 5.6ms | ActiveRecord: 0.0ms (0 queries, 0 cached) | GC: 0.2ms)


Started GET "/manifest.json" for ::1 at 2024-12-12 14:29:03 +0530
Processing by Rails::PwaController#manifest as JSON
  Rendering pwa/manifest.json.erb
  Rendered pwa/manifest.json.erb (Duration: 0.1ms | GC: 0.0ms)
Completed 200 OK in 1ms (Views: 0.5ms | ActiveRecord: 0.0ms (0 queries, 0 cached) | GC: 0.0ms)


Started GET "/products" for ::1 at 2024-12-12 14:29:04 +0530
Processing by ProductsController#index as HTML
  Rendering layout layouts/application.html.erb
  Rendering products/index.html.erb within layouts/application
  Rendered landing_page/_header.html.erb (Duration: 0.3ms | GC: 0.0ms)
  Rendered landing_page/_footer.html (Duration: 0.0ms | GC: 0.0ms)
  Rendered products/index.html.erb within layouts/application (Duration: 0.6ms | GC: 0.0ms)
  Rendered layout layouts/application.html.erb (Duration: 2.7ms | GC: 0.0ms)
Completed 200 OK in 4ms (Views: 3.1ms | ActiveRecord: 0.0ms (0 queries, 0 cached) | GC: 0.0ms)


Started GET "/manifest.json" for ::1 at 2024-12-12 14:29:04 +0530
Processing by Rails::PwaController#manifest as JSON
  Rendering pwa/manifest.json.erb
  Rendered pwa/manifest.json.erb (Duration: 0.1ms | GC: 0.0ms)
Completed 200 OK in 1ms (Views: 0.7ms | ActiveRecord: 0.0ms (0 queries, 0 cached) | GC: 0.0ms)


Started GET "/super_admin/dashboards" for ::1 at 2024-12-12 14:29:07 +0530
Processing by SuperAdmin::DashboardsController#index as HTML
  Rendering layout layouts/application.html.erb
  Rendering super_admin/dashboards/index.html.erb within layouts/application
  Rendered shared/_menubar.html.erb (Duration: 0.2ms | GC: 0.0ms)
  Rendered super_admin/dashboards/index.html.erb within layouts/application (Duration: 0.4ms | GC: 0.0ms)
  Rendered layout layouts/application.html.erb (Duration: 2.4ms | GC: 0.0ms)
Completed 200 OK in 4ms (Views: 2.8ms | ActiveRecord: 0.0ms (0 queries, 0 cached) | GC: 0.1ms)


Started GET "/manifest.json" for ::1 at 2024-12-12 14:29:07 +0530
Processing by Rails::PwaController#manifest as JSON
  Rendering pwa/manifest.json.erb
  Rendered pwa/manifest.json.erb (Duration: 0.1ms | GC: 0.0ms)
Completed 200 OK in 1ms (Views: 0.4ms | ActiveRecord: 0.0ms (0 queries, 0 cached) | GC: 0.0ms)


Started GET "/super_admin/dashboards" for ::1 at 2024-12-12 14:29:09 +0530
Processing by SuperAdmin::DashboardsController#index as HTML
  Rendering layout layouts/application.html.erb
  Rendering super_admin/dashboards/index.html.erb within layouts/application
  Rendered shared/_menubar.html.erb (Duration: 0.2ms | GC: 0.0ms)
  Rendered super_admin/dashboards/index.html.erb within layouts/application (Duration: 0.7ms | GC: 0.3ms)
  Rendered layout layouts/application.html.erb (Duration: 2.9ms | GC: 0.3ms)
Completed 200 OK in 4ms (Views: 3.2ms | ActiveRecord: 0.0ms (0 queries, 0 cached) | GC: 0.3ms)


Started GET "/manifest.json" for ::1 at 2024-12-12 14:29:09 +0530
Processing by Rails::PwaController#manifest as JSON
  Rendering pwa/manifest.json.erb
  Rendered pwa/manifest.json.erb (Duration: 0.1ms | GC: 0.0ms)
Completed 200 OK in 1ms (Views: 0.6ms | ActiveRecord: 0.0ms (0 queries, 0 cached) | GC: 0.0ms)


Started GET "/super_admin/dashboards" for ::1 at 2024-12-12 14:29:10 +0530
Processing by SuperAdmin::DashboardsController#index as HTML
  Rendering layout layouts/application.html.erb
  Rendering super_admin/dashboards/index.html.erb within layouts/application
  Rendered shared/_menubar.html.erb (Duration: 0.2ms | GC: 0.0ms)
  Rendered super_admin/dashboards/index.html.erb within layouts/application (Duration: 0.4ms | GC: 0.0ms)
  Rendered layout layouts/application.html.erb (Duration: 2.7ms | GC: 0.3ms)
Completed 200 OK in 4ms (Views: 3.0ms | ActiveRecord: 0.0ms (0 queries, 0 cached) | GC: 0.3ms)


Started GET "/manifest.json" for ::1 at 2024-12-12 14:29:10 +0530
Processing by Rails::PwaController#manifest as JSON
  Rendering pwa/manifest.json.erb
  Rendered pwa/manifest.json.erb (Duration: 0.2ms | GC: 0.0ms)
Completed 200 OK in 1ms (Views: 0.7ms | ActiveRecord: 0.0ms (0 queries, 0 cached) | GC: 0.0ms)


Started GET "/super_admin/dashboards" for ::1 at 2024-12-12 14:29:11 +0530
Processing by SuperAdmin::DashboardsController#index as HTML
  Rendering layout layouts/application.html.erb
  Rendering super_admin/dashboards/index.html.erb within layouts/application
  Rendered shared/_menubar.html.erb (Duration: 0.4ms | GC: 0.2ms)
  Rendered super_admin/dashboards/index.html.erb within layouts/application (Duration: 0.6ms | GC: 0.2ms)
  Rendered layout layouts/application.html.erb (Duration: 2.5ms | GC: 0.2ms)
Completed 200 OK in 4ms (Views: 2.8ms | ActiveRecord: 0.0ms (0 queries, 0 cached) | GC: 0.2ms)


Started GET "/manifest.json" for ::1 at 2024-12-12 14:29:11 +0530
Processing by Rails::PwaController#manifest as JSON
  Rendering pwa/manifest.json.erb
  Rendered pwa/manifest.json.erb (Duration: 0.2ms | GC: 0.0ms)
Completed 200 OK in 1ms (Views: 0.6ms | ActiveRecord: 0.0ms (0 queries, 0 cached) | GC: 0.0ms)


Started GET "/super_admin/dashboards" for ::1 at 2024-12-12 14:29:12 +0530
Processing by SuperAdmin::DashboardsController#index as HTML
  Rendering layout layouts/application.html.erb
  Rendering super_admin/dashboards/index.html.erb within layouts/application
  Rendered shared/_menubar.html.erb (Duration: 0.2ms | GC: 0.0ms)
  Rendered super_admin/dashboards/index.html.erb within layouts/application (Duration: 0.4ms | GC: 0.0ms)
  Rendered layout layouts/application.html.erb (Duration: 2.7ms | GC: 0.4ms)
Completed 200 OK in 4ms (Views: 3.1ms | ActiveRecord: 0.0ms (0 queries, 0 cached) | GC: 0.4ms)


Started GET "/manifest.json" for ::1 at 2024-12-12 14:29:12 +0530
Processing by Rails::PwaController#manifest as JSON
  Rendering pwa/manifest.json.erb
  Rendered pwa/manifest.json.erb (Duration: 0.1ms | GC: 0.0ms)
Completed 200 OK in 1ms (Views: 0.5ms | ActiveRecord: 0.0ms (0 queries, 0 cached) | GC: 0.0ms)


Started GET "/super_admin/products" for ::1 at 2024-12-12 14:29:12 +0530
Processing by SuperAdmin::ProductsController#index as HTML
  Rendering layout layouts/application.html.erb
  Rendering super_admin/products/index.html.erb within layouts/application
  Rendered shared/_menubar.html.erb (Duration: 0.2ms | GC: 0.0ms)
  Rendered super_admin/products/index.html.erb within layouts/application (Duration: 0.7ms | GC: 0.0ms)
  Rendered layout layouts/application.html.erb (Duration: 3.3ms | GC: 0.4ms)
Completed 200 OK in 6ms (Views: 4.1ms | ActiveRecord: 0.0ms (0 queries, 0 cached) | GC: 0.4ms)


Started GET "/manifest.json" for ::1 at 2024-12-12 14:29:12 +0530
Processing by Rails::PwaController#manifest as JSON
  Rendering pwa/manifest.json.erb
  Rendered pwa/manifest.json.erb (Duration: 0.1ms | GC: 0.0ms)
Completed 200 OK in 1ms (Views: 0.4ms | ActiveRecord: 0.0ms (0 queries, 0 cached) | GC: 0.0ms)


Started GET "/" for ::1 at 2024-12-12 14:29:13 +0530
Processing by LandingPageController#index as HTML
  Rendering layout layouts/application.html.erb
  Rendering landing_page/index.html.erb within layouts/application
  Rendered landing_page/_header.html.erb (Duration: 0.3ms | GC: 0.0ms)
  Rendered landing_page/_footer.html (Duration: 0.0ms | GC: 0.0ms)
  Rendered landing_page/index.html.erb within layouts/application (Duration: 0.6ms | GC: 0.0ms)
  Rendered layout layouts/application.html.erb (Duration: 2.7ms | GC: 0.0ms)
Completed 200 OK in 4ms (Views: 3.0ms | ActiveRecord: 0.0ms (0 queries, 0 cached) | GC: 0.0ms)


Started GET "/manifest.json" for ::1 at 2024-12-12 14:29:13 +0530
Processing by Rails::PwaController#manifest as JSON
  Rendering pwa/manifest.json.erb
  Rendered pwa/manifest.json.erb (Duration: 0.6ms | GC: 0.0ms)
Completed 200 OK in 5ms (Views: 1.3ms | ActiveRecord: 0.0ms (0 queries, 0 cached) | GC: 3.0ms)


Started GET "/products" for ::1 at 2024-12-12 14:29:16 +0530
Processing by ProductsController#index as HTML
  Rendering layout layouts/application.html.erb
  Rendering products/index.html.erb within layouts/application
  Rendered landing_page/_header.html.erb (Duration: 0.3ms | GC: 0.0ms)
  Rendered landing_page/_footer.html (Duration: 0.0ms | GC: 0.0ms)
  Rendered products/index.html.erb within layouts/application (Duration: 0.6ms | GC: 0.0ms)
  Rendered layout layouts/application.html.erb (Duration: 3.5ms | GC: 0.5ms)
Completed 200 OK in 5ms (Views: 4.0ms | ActiveRecord: 0.0ms (0 queries, 0 cached) | GC: 0.5ms)


Started GET "/manifest.json" for ::1 at 2024-12-12 14:29:16 +0530
Processing by Rails::PwaController#manifest as JSON
  Rendering pwa/manifest.json.erb
  Rendered pwa/manifest.json.erb (Duration: 4.3ms | GC: 0.0ms)
Completed 200 OK in 7ms (Views: 5.9ms | ActiveRecord: 0.0ms (0 queries, 0 cached) | GC: 0.0ms)


Started GET "/super_admin/dashboards" for ::1 at 2024-12-12 14:29:17 +0530
Processing by SuperAdmin::DashboardsController#index as HTML
  Rendering layout layouts/application.html.erb
  Rendering super_admin/dashboards/index.html.erb within layouts/application
  Rendered shared/_menubar.html.erb (Duration: 0.2ms | GC: 0.0ms)
  Rendered super_admin/dashboards/index.html.erb within layouts/application (Duration: 0.4ms | GC: 0.0ms)
  Rendered layout layouts/application.html.erb (Duration: 2.6ms | GC: 0.0ms)
Completed 200 OK in 4ms (Views: 2.9ms | ActiveRecord: 0.0ms (0 queries, 0 cached) | GC: 0.0ms)


Started GET "/manifest.json" for ::1 at 2024-12-12 14:29:17 +0530
Processing by Rails::PwaController#manifest as JSON
  Rendering pwa/manifest.json.erb
  Rendered pwa/manifest.json.erb (Duration: 0.1ms | GC: 0.0ms)
Completed 200 OK in 1ms (Views: 0.4ms | ActiveRecord: 0.0ms (0 queries, 0 cached) | GC: 0.0ms)


Started GET "/" for ::1 at 2024-12-12 14:29:20 +0530
Processing by LandingPageController#index as HTML
  Rendering layout layouts/application.html.erb
  Rendering landing_page/index.html.erb within layouts/application
  Rendered landing_page/_header.html.erb (Duration: 0.4ms | GC: 0.0ms)
  Rendered landing_page/_footer.html (Duration: 0.0ms | GC: 0.0ms)
  Rendered landing_page/index.html.erb within layouts/application (Duration: 0.8ms | GC: 0.0ms)
  Rendered layout layouts/application.html.erb (Duration: 3.3ms | GC: 0.0ms)
Completed 200 OK in 5ms (Views: 4.2ms | ActiveRecord: 0.0ms (0 queries, 0 cached) | GC: 0.5ms)


Started GET "/manifest.json" for ::1 at 2024-12-12 14:29:20 +0530
Processing by Rails::PwaController#manifest as JSON
  Rendering pwa/manifest.json.erb
  Rendered pwa/manifest.json.erb (Duration: 0.1ms | GC: 0.0ms)
Completed 200 OK in 1ms (Views: 0.6ms | ActiveRecord: 0.0ms (0 queries, 0 cached) | GC: 0.0ms)


Started GET "/super_admin/dashboards" for ::1 at 2024-12-12 14:29:22 +0530
Processing by SuperAdmin::DashboardsController#index as HTML
  Rendering layout layouts/application.html.erb
  Rendering super_admin/dashboards/index.html.erb within layouts/application
  Rendered shared/_menubar.html.erb (Duration: 0.2ms | GC: 0.0ms)
  Rendered super_admin/dashboards/index.html.erb within layouts/application (Duration: 0.4ms | GC: 0.0ms)
  Rendered layout layouts/application.html.erb (Duration: 2.8ms | GC: 0.3ms)
Completed 200 OK in 4ms (Views: 3.1ms | ActiveRecord: 0.0ms (0 queries, 0 cached) | GC: 0.3ms)


Started GET "/manifest.json" for ::1 at 2024-12-12 14:29:22 +0530
Processing by Rails::PwaController#manifest as JSON
  Rendering pwa/manifest.json.erb
  Rendered pwa/manifest.json.erb (Duration: 0.1ms | GC: 0.0ms)
Completed 200 OK in 1ms (Views: 0.4ms | ActiveRecord: 0.0ms (0 queries, 0 cached) | GC: 0.0ms)


Started GET "/super_admin/dashboards" for ::1 at 2024-12-12 14:29:38 +0530
Processing by SuperAdmin::DashboardsController#index as HTML
  Rendering layout layouts/application.html.erb
  Rendering super_admin/dashboards/index.html.erb within layouts/application
  Rendered shared/_menubar.html.erb (Duration: 0.4ms | GC: 0.0ms)
  Rendered super_admin/dashboards/index.html.erb within layouts/application (Duration: 1.2ms | GC: 0.0ms)
  Rendered layout layouts/application.html.erb (Duration: 6.5ms | GC: 0.0ms)
Completed 200 OK in 9ms (Views: 7.8ms | ActiveRecord: 0.0ms (0 queries, 0 cached) | GC: 0.0ms)


Started GET "/manifest.json" for ::1 at 2024-12-12 14:29:38 +0530
Processing by Rails::PwaController#manifest as JSON
  Rendering pwa/manifest.json.erb
  Rendered pwa/manifest.json.erb (Duration: 0.4ms | GC: 0.0ms)
Completed 200 OK in 2ms (Views: 1.5ms | ActiveRecord: 0.0ms (0 queries, 0 cached) | GC: 0.0ms)


Started GET "/super_admin/dashboards" for ::1 at 2024-12-12 14:29:39 +0530
Processing by SuperAdmin::DashboardsController#index as HTML
  Rendering layout layouts/application.html.erb
  Rendering super_admin/dashboards/index.html.erb within layouts/application
  Rendered shared/_menubar.html.erb (Duration: 0.2ms | GC: 0.0ms)
  Rendered super_admin/dashboards/index.html.erb within layouts/application (Duration: 0.4ms | GC: 0.0ms)
  Rendered layout layouts/application.html.erb (Duration: 2.4ms | GC: 0.0ms)
Completed 200 OK in 4ms (Views: 2.7ms | ActiveRecord: 0.0ms (0 queries, 0 cached) | GC: 0.0ms)


Started GET "/manifest.json" for ::1 at 2024-12-12 14:29:39 +0530
Processing by Rails::PwaController#manifest as JSON
  Rendering pwa/manifest.json.erb
  Rendered pwa/manifest.json.erb (Duration: 0.1ms | GC: 0.0ms)
Completed 200 OK in 1ms (Views: 0.4ms | ActiveRecord: 0.0ms (0 queries, 0 cached) | GC: 0.0ms)


Started GET "/super_admin/products" for ::1 at 2024-12-12 14:29:40 +0530
Processing by SuperAdmin::ProductsController#index as HTML
  Rendering layout layouts/application.html.erb
  Rendering super_admin/products/index.html.erb within layouts/application
  Rendered shared/_menubar.html.erb (Duration: 0.1ms | GC: 0.0ms)
  Rendered super_admin/products/index.html.erb within layouts/application (Duration: 0.6ms | GC: 0.0ms)
  Rendered layout layouts/application.html.erb (Duration: 2.9ms | GC: 0.2ms)
Completed 200 OK in 5ms (Views: 3.6ms | ActiveRecord: 0.0ms (0 queries, 0 cached) | GC: 0.2ms)


Started GET "/manifest.json" for ::1 at 2024-12-12 14:29:40 +0530
Processing by Rails::PwaController#manifest as JSON
  Rendering pwa/manifest.json.erb
  Rendered pwa/manifest.json.erb (Duration: 0.1ms | GC: 0.0ms)
Completed 200 OK in 1ms (Views: 0.5ms | ActiveRecord: 0.0ms (0 queries, 0 cached) | GC: 0.0ms)


Started GET "/super_admin/products" for ::1 at 2024-12-12 14:29:41 +0530
Processing by SuperAdmin::ProductsController#index as HTML
  Rendering layout layouts/application.html.erb
  Rendering super_admin/products/index.html.erb within layouts/application
  Rendered shared/_menubar.html.erb (Duration: 0.1ms | GC: 0.0ms)
  Rendered super_admin/products/index.html.erb within layouts/application (Duration: 0.4ms | GC: 0.0ms)
  Rendered layout layouts/application.html.erb (Duration: 2.9ms | GC: 0.0ms)
Completed 200 OK in 4ms (Views: 3.2ms | ActiveRecord: 0.0ms (0 queries, 0 cached) | GC: 0.0ms)


Started GET "/manifest.json" for ::1 at 2024-12-12 14:29:41 +0530
Processing by Rails::PwaController#manifest as JSON
  Rendering pwa/manifest.json.erb
  Rendered pwa/manifest.json.erb (Duration: 0.1ms | GC: 0.0ms)
Completed 200 OK in 1ms (Views: 0.5ms | ActiveRecord: 0.0ms (0 queries, 0 cached) | GC: 0.0ms)


Started GET "/super_admin/products" for ::1 at 2024-12-12 14:29:43 +0530
Processing by SuperAdmin::ProductsController#index as HTML
  Rendering layout layouts/application.html.erb
  Rendering super_admin/products/index.html.erb within layouts/application
  Rendered shared/_menubar.html.erb (Duration: 0.6ms | GC: 0.4ms)
  Rendered super_admin/products/index.html.erb within layouts/application (Duration: 0.9ms | GC: 0.4ms)
  Rendered layout layouts/application.html.erb (Duration: 2.8ms | GC: 0.4ms)
Completed 200 OK in 4ms (Views: 3.2ms | ActiveRecord: 0.0ms (0 queries, 0 cached) | GC: 0.4ms)


Started GET "/manifest.json" for ::1 at 2024-12-12 14:29:43 +0530
Processing by Rails::PwaController#manifest as JSON
  Rendering pwa/manifest.json.erb
  Rendered pwa/manifest.json.erb (Duration: 0.9ms | GC: 0.7ms)
Completed 200 OK in 2ms (Views: 1.4ms | ActiveRecord: 0.0ms (0 queries, 0 cached) | GC: 0.7ms)


Started GET "/super_admin/products" for ::1 at 2024-12-12 14:29:54 +0530
Processing by SuperAdmin::ProductsController#index as HTML
  Rendering layout layouts/application.html.erb
  Rendering super_admin/products/index.html.erb within layouts/application
  Rendered shared/_menubar.html.erb (Duration: 0.4ms | GC: 0.0ms)
  Rendered super_admin/products/index.html.erb within layouts/application (Duration: 1.1ms | GC: 0.0ms)
  Rendered layout layouts/application.html.erb (Duration: 7.1ms | GC: 0.5ms)
Completed 200 OK in 10ms (Views: 8.6ms | ActiveRecord: 0.0ms (0 queries, 0 cached) | GC: 0.5ms)


Started GET "/manifest.json" for ::1 at 2024-12-12 14:29:54 +0530
Processing by Rails::PwaController#manifest as JSON
  Rendering pwa/manifest.json.erb
  Rendered pwa/manifest.json.erb (Duration: 0.3ms | GC: 0.0ms)
Completed 200 OK in 2ms (Views: 1.5ms | ActiveRecord: 0.0ms (0 queries, 0 cached) | GC: 0.0ms)


Started GET "/super_admin/products" for ::1 at 2024-12-12 14:29:55 +0530
Processing by SuperAdmin::ProductsController#index as HTML
  Rendering layout layouts/application.html.erb
  Rendering super_admin/products/index.html.erb within layouts/application
  Rendered shared/_menubar.html.erb (Duration: 0.2ms | GC: 0.0ms)
  Rendered super_admin/products/index.html.erb within layouts/application (Duration: 0.4ms | GC: 0.0ms)
  Rendered layout layouts/application.html.erb (Duration: 2.6ms | GC: 0.0ms)
Completed 200 OK in 4ms (Views: 3.0ms | ActiveRecord: 0.0ms (0 queries, 0 cached) | GC: 0.0ms)


Started GET "/manifest.json" for ::1 at 2024-12-12 14:29:55 +0530
Processing by Rails::PwaController#manifest as JSON
  Rendering pwa/manifest.json.erb
  Rendered pwa/manifest.json.erb (Duration: 0.1ms | GC: 0.0ms)
Completed 200 OK in 1ms (Views: 0.5ms | ActiveRecord: 0.0ms (0 queries, 0 cached) | GC: 0.0ms)


Started GET "/super_admin/dashboards" for ::1 at 2024-12-12 14:30:02 +0530
Processing by SuperAdmin::DashboardsController#index as HTML
  Rendering layout layouts/application.html.erb
  Rendering super_admin/dashboards/index.html.erb within layouts/application
  Rendered shared/_menubar.html.erb (Duration: 0.2ms | GC: 0.0ms)
  Rendered super_admin/dashboards/index.html.erb within layouts/application (Duration: 0.7ms | GC: 0.0ms)
  Rendered layout layouts/application.html.erb (Duration: 3.8ms | GC: 0.4ms)
Completed 200 OK in 6ms (Views: 4.5ms | ActiveRecord: 0.0ms (0 queries, 0 cached) | GC: 0.4ms)


Started GET "/manifest.json" for ::1 at 2024-12-12 14:30:02 +0530
Processing by Rails::PwaController#manifest as JSON
  Rendering pwa/manifest.json.erb
  Rendered pwa/manifest.json.erb (Duration: 0.1ms | GC: 0.0ms)
Completed 200 OK in 1ms (Views: 0.4ms | ActiveRecord: 0.0ms (0 queries, 0 cached) | GC: 0.0ms)


Started GET "/super_admin/products" for ::1 at 2024-12-12 14:30:03 +0530
Processing by SuperAdmin::ProductsController#index as HTML
  Rendering layout layouts/application.html.erb
  Rendering super_admin/products/index.html.erb within layouts/application
  Rendered shared/_menubar.html.erb (Duration: 0.1ms | GC: 0.0ms)
  Rendered super_admin/products/index.html.erb within layouts/application (Duration: 0.4ms | GC: 0.0ms)
  Rendered layout layouts/application.html.erb (Duration: 2.6ms | GC: 0.0ms)
Completed 200 OK in 4ms (Views: 2.9ms | ActiveRecord: 0.0ms (0 queries, 0 cached) | GC: 0.0ms)


Started GET "/manifest.json" for ::1 at 2024-12-12 14:30:03 +0530
Processing by Rails::PwaController#manifest as JSON
  Rendering pwa/manifest.json.erb
  Rendered pwa/manifest.json.erb (Duration: 0.1ms | GC: 0.0ms)
Completed 200 OK in 2ms (Views: 1.0ms | ActiveRecord: 0.0ms (0 queries, 0 cached) | GC: 0.4ms)


Started GET "/super_admin/products" for ::1 at 2024-12-12 14:30:33 +0530
Processing by SuperAdmin::ProductsController#index as HTML
  Rendering layout layouts/application.html.erb
  Rendering super_admin/products/index.html.erb within layouts/application
  Rendered shared/_menubar.html.erb (Duration: 0.3ms | GC: 0.0ms)
  Rendered super_admin/products/index.html.erb within layouts/application (Duration: 0.7ms | GC: 0.2ms)
  Rendered layout layouts/application.html.erb (Duration: 3.0ms | GC: 0.2ms)
Completed 200 OK in 4ms (Views: 3.3ms | ActiveRecord: 0.0ms (0 queries, 0 cached) | GC: 0.2ms)


Started GET "/manifest.json" for ::1 at 2024-12-12 14:30:34 +0530
Processing by Rails::PwaController#manifest as JSON
  Rendering pwa/manifest.json.erb
  Rendered pwa/manifest.json.erb (Duration: 0.1ms | GC: 0.0ms)
Completed 200 OK in 1ms (Views: 0.4ms | ActiveRecord: 0.0ms (0 queries, 0 cached) | GC: 0.0ms)


Started GET "/super_admin/dashboards" for ::1 at 2024-12-12 14:30:36 +0530
Processing by SuperAdmin::DashboardsController#index as HTML
  Rendering layout layouts/application.html.erb
  Rendering super_admin/dashboards/index.html.erb within layouts/application
  Rendered shared/_menubar.html.erb (Duration: 0.1ms | GC: 0.0ms)
  Rendered super_admin/dashboards/index.html.erb within layouts/application (Duration: 0.5ms | GC: 0.0ms)
  Rendered layout layouts/application.html.erb (Duration: 2.5ms | GC: 0.0ms)
Completed 200 OK in 4ms (Views: 2.8ms | ActiveRecord: 0.0ms (0 queries, 0 cached) | GC: 0.0ms)


Started GET "/manifest.json" for ::1 at 2024-12-12 14:30:36 +0530
Processing by Rails::PwaController#manifest as JSON
  Rendering pwa/manifest.json.erb
  Rendered pwa/manifest.json.erb (Duration: 0.1ms | GC: 0.0ms)
Completed 200 OK in 1ms (Views: 0.6ms | ActiveRecord: 0.0ms (0 queries, 0 cached) | GC: 0.0ms)


Started GET "/super_admin/dashboards" for ::1 at 2024-12-12 14:31:55 +0530
Processing by SuperAdmin::DashboardsController#index as HTML
  Rendering layout layouts/application.html.erb
  Rendering super_admin/dashboards/index.html.erb within layouts/application
  Rendered shared/_menubar.html.erb (Duration: 0.4ms | GC: 0.0ms)
  Rendered super_admin/dashboards/index.html.erb within layouts/application (Duration: 1.5ms | GC: 0.0ms)
  Rendered layout layouts/application.html.erb (Duration: 9.0ms | GC: 0.3ms)
Completed 200 OK in 13ms (Views: 10.9ms | ActiveRecord: 0.0ms (0 queries, 0 cached) | GC: 0.6ms)


Started GET "/manifest.json" for ::1 at 2024-12-12 14:31:55 +0530
Processing by Rails::PwaController#manifest as JSON
  Rendering pwa/manifest.json.erb
  Rendered pwa/manifest.json.erb (Duration: 0.3ms | GC: 0.0ms)
Completed 200 OK in 3ms (Views: 1.9ms | ActiveRecord: 0.0ms (0 queries, 0 cached) | GC: 0.0ms)


Started GET "/super_admin/dashboards" for ::1 at 2024-12-12 14:36:01 +0530
  
TypeError (wrong argument type String (expected Module)):
  
app/helpers/application_helper.rb:2:in `include'
app/helpers/application_helper.rb:2:in `<module:ApplicationHelper>'
app/helpers/application_helper.rb:1:in `<main>'
app/controllers/application_controller.rb:1:in `<main>'
app/controllers/super_admin/dashboards_controller.rb:2:in `<module:SuperAdmin>'
app/controllers/super_admin/dashboards_controller.rb:1:in `<main>'
Started GET "/super_admin/dashboards" for ::1 at 2024-12-12 14:36:45 +0530
Processing by SuperAdmin::DashboardsController#index as HTML
  Rendering layout layouts/application.html.erb
  Rendering super_admin/dashboards/index.html.erb within layouts/application
  Rendered shared/_menubar.html.erb (Duration: 0.4ms | GC: 0.0ms)
  Rendered super_admin/dashboards/index.html.erb within layouts/application (Duration: 1.6ms | GC: 0.0ms)
  Rendered layout layouts/application.html.erb (Duration: 1.8ms | GC: 0.0ms)
Completed 500 Internal Server Error in 4ms (ActiveRecord: 0.0ms (0 queries, 0 cached) | GC: 0.0ms)


  
ActionView::Template::Error (undefined local variable or method `abc' for #<ActionView::Base:0x000000001520e8>):

Causes:
NameError (undefined local variable or method `abc' for #<ActionView::Base:0x000000001520e8>)
     7:     </div>
     8:   </div>
     9:   <div class="dashboard-cards">
    10:     <%= stats_box(abc, "Users", "users") %>
    11:   </div>
    12: 
    13:   <div class="pt-lg-5 pt-4">
  
app/views/super_admin/dashboards/index.html.erb:10
Started GET "/super_admin/dashboards" for ::1 at 2024-12-12 14:37:25 +0530
Processing by SuperAdmin::DashboardsController#index as HTML
  Rendering layout layouts/application.html.erb
  Rendering super_admin/dashboards/index.html.erb within layouts/application
  Rendered shared/_menubar.html.erb (Duration: 0.4ms | GC: 0.0ms)
  Rendered super_admin/dashboards/index.html.erb within layouts/application (Duration: 1.3ms | GC: 0.0ms)
  Rendered layout layouts/application.html.erb (Duration: 10.0ms | GC: 0.0ms)
Completed 200 OK in 13ms (Views: 11.6ms | ActiveRecord: 0.0ms (0 queries, 0 cached) | GC: 0.0ms)


Started GET "/manifest.json" for ::1 at 2024-12-12 14:37:29 +0530
Processing by Rails::PwaController#manifest as JSON
  Rendering pwa/manifest.json.erb
  Rendered pwa/manifest.json.erb (Duration: 0.4ms | GC: 0.0ms)
Completed 200 OK in 3ms (Views: 2.0ms | ActiveRecord: 0.0ms (0 queries, 0 cached) | GC: 0.0ms)


Started GET "/super_admin/dashboards" for ::1 at 2024-12-12 14:38:42 +0530
Processing by SuperAdmin::DashboardsController#index as HTML
  Rendering layout layouts/application.html.erb
  Rendering super_admin/dashboards/index.html.erb within layouts/application
  Rendered shared/_menubar.html.erb (Duration: 0.5ms | GC: 0.0ms)
  Rendered super_admin/dashboards/index.html.erb within layouts/application (Duration: 1.7ms | GC: 0.0ms)
  Rendered layout layouts/application.html.erb (Duration: 7.9ms | GC: 0.1ms)
Completed 200 OK in 11ms (Views: 9.9ms | ActiveRecord: 0.0ms (0 queries, 0 cached) | GC: 0.4ms)


Started GET "/manifest.json" for ::1 at 2024-12-12 14:38:42 +0530
Processing by Rails::PwaController#manifest as JSON
  Rendering pwa/manifest.json.erb
  Rendered pwa/manifest.json.erb (Duration: 0.6ms | GC: 0.0ms)
Completed 200 OK in 3ms (Views: 2.5ms | ActiveRecord: 0.0ms (0 queries, 0 cached) | GC: 0.0ms)


Started GET "/super_admin/dashboards" for ::1 at 2024-12-12 14:39:51 +0530
Processing by SuperAdmin::DashboardsController#index as HTML
  Rendering layout layouts/application.html.erb
  Rendering super_admin/dashboards/index.html.erb within layouts/application
  Rendered shared/_menubar.html.erb (Duration: 0.7ms | GC: 0.3ms)
  Rendered super_admin/dashboards/index.html.erb within layouts/application (Duration: 1.7ms | GC: 0.3ms)
  Rendered layout layouts/application.html.erb (Duration: 12.2ms | GC: 0.7ms)
Completed 200 OK in 15ms (Views: 13.6ms | ActiveRecord: 0.0ms (0 queries, 0 cached) | GC: 0.7ms)


Started GET "/manifest.json" for ::1 at 2024-12-12 14:39:51 +0530
Processing by Rails::PwaController#manifest as JSON
  Rendering pwa/manifest.json.erb
  Rendered pwa/manifest.json.erb (Duration: 0.3ms | GC: 0.0ms)
Completed 200 OK in 2ms (Views: 1.5ms | ActiveRecord: 0.0ms (0 queries, 0 cached) | GC: 0.0ms)


Started GET "/super_admin/dashboards" for ::1 at 2024-12-12 14:39:52 +0530
Processing by SuperAdmin::DashboardsController#index as HTML
  Rendering layout layouts/application.html.erb
  Rendering super_admin/dashboards/index.html.erb within layouts/application
  Rendered shared/_menubar.html.erb (Duration: 0.2ms | GC: 0.0ms)
  Rendered super_admin/dashboards/index.html.erb within layouts/application (Duration: 0.5ms | GC: 0.0ms)
  Rendered layout layouts/application.html.erb (Duration: 3.2ms | GC: 0.0ms)
Completed 200 OK in 6ms (Views: 3.8ms | ActiveRecord: 0.0ms (0 queries, 0 cached) | GC: 0.4ms)


Started GET "/manifest.json" for ::1 at 2024-12-12 14:39:52 +0530
Processing by Rails::PwaController#manifest as JSON
  Rendering pwa/manifest.json.erb
  Rendered pwa/manifest.json.erb (Duration: 0.1ms | GC: 0.0ms)
Completed 200 OK in 1ms (Views: 0.7ms | ActiveRecord: 0.0ms (0 queries, 0 cached) | GC: 0.3ms)


Started GET "/super_admin/dashboards" for ::1 at 2024-12-12 14:39:52 +0530
Processing by SuperAdmin::DashboardsController#index as HTML
  Rendering layout layouts/application.html.erb
  Rendering super_admin/dashboards/index.html.erb within layouts/application
  Rendered shared/_menubar.html.erb (Duration: 0.2ms | GC: 0.0ms)
  Rendered super_admin/dashboards/index.html.erb within layouts/application (Duration: 0.5ms | GC: 0.0ms)
  Rendered layout layouts/application.html.erb (Duration: 2.6ms | GC: 0.0ms)
Completed 200 OK in 4ms (Views: 3.0ms | ActiveRecord: 0.0ms (0 queries, 0 cached) | GC: 0.0ms)


Started GET "/manifest.json" for ::1 at 2024-12-12 14:39:53 +0530
Processing by Rails::PwaController#manifest as JSON
  Rendering pwa/manifest.json.erb
  Rendered pwa/manifest.json.erb (Duration: 0.2ms | GC: 0.0ms)
Completed 200 OK in 2ms (Views: 0.8ms | ActiveRecord: 0.0ms (0 queries, 0 cached) | GC: 0.0ms)


Started GET "/super_admin/dashboards" for ::1 at 2024-12-12 14:40:33 +0530
Processing by SuperAdmin::DashboardsController#index as HTML
  Rendering layout layouts/application.html.erb
  Rendering super_admin/dashboards/index.html.erb within layouts/application
  Rendered shared/_menubar.html.erb (Duration: 0.4ms | GC: 0.0ms)
  Rendered super_admin/dashboards/index.html.erb within layouts/application (Duration: 1.3ms | GC: 0.0ms)
  Rendered layout layouts/application.html.erb (Duration: 6.9ms | GC: 0.2ms)
Completed 200 OK in 10ms (Views: 8.3ms | ActiveRecord: 0.0ms (0 queries, 0 cached) | GC: 0.2ms)


Started GET "/manifest.json" for ::1 at 2024-12-12 14:40:33 +0530
Processing by Rails::PwaController#manifest as JSON
  Rendering pwa/manifest.json.erb
  Rendered pwa/manifest.json.erb (Duration: 0.3ms | GC: 0.0ms)
Completed 200 OK in 2ms (Views: 1.5ms | ActiveRecord: 0.0ms (0 queries, 0 cached) | GC: 0.0ms)


Started GET "/super_admin/dashboards" for ::1 at 2024-12-12 14:40:33 +0530
Processing by SuperAdmin::DashboardsController#index as HTML
  Rendering layout layouts/application.html.erb
  Rendering super_admin/dashboards/index.html.erb within layouts/application
  Rendered shared/_menubar.html.erb (Duration: 0.2ms | GC: 0.0ms)
  Rendered super_admin/dashboards/index.html.erb within layouts/application (Duration: 0.6ms | GC: 0.0ms)
  Rendered layout layouts/application.html.erb (Duration: 3.1ms | GC: 0.1ms)
Completed 200 OK in 4ms (Views: 3.5ms | ActiveRecord: 0.0ms (0 queries, 0 cached) | GC: 0.1ms)


Started GET "/manifest.json" for ::1 at 2024-12-12 14:40:33 +0530
Processing by Rails::PwaController#manifest as JSON
  Rendering pwa/manifest.json.erb
  Rendered pwa/manifest.json.erb (Duration: 0.1ms | GC: 0.0ms)
Completed 200 OK in 1ms (Views: 0.5ms | ActiveRecord: 0.0ms (0 queries, 0 cached) | GC: 0.0ms)


Started GET "/super_admin/dashboards" for ::1 at 2024-12-12 14:40:56 +0530
Processing by SuperAdmin::DashboardsController#index as HTML
  Rendering layout layouts/application.html.erb
  Rendering super_admin/dashboards/index.html.erb within layouts/application
  Rendered shared/_menubar.html.erb (Duration: 0.1ms | GC: 0.0ms)
  Rendered super_admin/dashboards/index.html.erb within layouts/application (Duration: 0.5ms | GC: 0.0ms)
  Rendered layout layouts/application.html.erb (Duration: 2.8ms | GC: 0.0ms)
Completed 200 OK in 5ms (Views: 3.1ms | ActiveRecord: 0.0ms (0 queries, 0 cached) | GC: 0.0ms)


Started GET "/manifest.json" for ::1 at 2024-12-12 14:40:56 +0530
Processing by Rails::PwaController#manifest as JSON
  Rendering pwa/manifest.json.erb
  Rendered pwa/manifest.json.erb (Duration: 0.1ms | GC: 0.0ms)
Completed 200 OK in 1ms (Views: 0.9ms | ActiveRecord: 0.0ms (0 queries, 0 cached) | GC: 0.4ms)


Started GET "/super_admin/dashboards" for ::1 at 2024-12-12 14:41:18 +0530
Processing by SuperAdmin::DashboardsController#index as HTML
  Rendering layout layouts/application.html.erb
  Rendering super_admin/dashboards/index.html.erb within layouts/application
  Rendered shared/_menubar.html.erb (Duration: 0.5ms | GC: 0.0ms)
  Rendered super_admin/dashboards/index.html.erb within layouts/application (Duration: 1.4ms | GC: 0.0ms)
  Rendered layout layouts/application.html.erb (Duration: 7.2ms | GC: 0.0ms)
Completed 200 OK in 10ms (Views: 8.6ms | ActiveRecord: 0.0ms (0 queries, 0 cached) | GC: 0.0ms)


Started GET "/manifest.json" for ::1 at 2024-12-12 14:41:18 +0530
Processing by Rails::PwaController#manifest as JSON
  Rendering pwa/manifest.json.erb
  Rendered pwa/manifest.json.erb (Duration: 0.4ms | GC: 0.0ms)
Completed 200 OK in 2ms (Views: 1.8ms | ActiveRecord: 0.0ms (0 queries, 0 cached) | GC: 0.0ms)


Started GET "/super_admin/dashboards" for ::1 at 2024-12-12 14:41:24 +0530
Processing by SuperAdmin::DashboardsController#index as HTML
  Rendering layout layouts/application.html.erb
  Rendering super_admin/dashboards/index.html.erb within layouts/application
  Rendered shared/_menubar.html.erb (Duration: 0.4ms | GC: 0.0ms)
  Rendered super_admin/dashboards/index.html.erb within layouts/application (Duration: 1.3ms | GC: 0.0ms)
  Rendered layout layouts/application.html.erb (Duration: 7.2ms | GC: 0.6ms)
Completed 200 OK in 10ms (Views: 8.8ms | ActiveRecord: 0.0ms (0 queries, 0 cached) | GC: 0.6ms)


Started GET "/manifest.json" for ::1 at 2024-12-12 14:41:24 +0530
Processing by Rails::PwaController#manifest as JSON
  Rendering pwa/manifest.json.erb
  Rendered pwa/manifest.json.erb (Duration: 0.6ms | GC: 0.0ms)
Completed 200 OK in 3ms (Views: 2.0ms | ActiveRecord: 0.0ms (0 queries, 0 cached) | GC: 0.0ms)


Started GET "/super_admin/dashboards" for ::1 at 2024-12-12 14:41:48 +0530
Processing by SuperAdmin::DashboardsController#index as HTML
  Rendering layout layouts/application.html.erb
  Rendering super_admin/dashboards/index.html.erb within layouts/application
  Rendered shared/_menubar.html.erb (Duration: 0.4ms | GC: 0.0ms)
  Rendered super_admin/dashboards/index.html.erb within layouts/application (Duration: 1.7ms | GC: 0.0ms)
  Rendered layout layouts/application.html.erb (Duration: 7.0ms | GC: 0.0ms)
Completed 200 OK in 10ms (Views: 8.4ms | ActiveRecord: 0.0ms (0 queries, 0 cached) | GC: 0.0ms)


Started GET "/manifest.json" for ::1 at 2024-12-12 14:41:48 +0530
Processing by Rails::PwaController#manifest as JSON
  Rendering pwa/manifest.json.erb
  Rendered pwa/manifest.json.erb (Duration: 0.6ms | GC: 0.0ms)
Completed 200 OK in 3ms (Views: 2.2ms | ActiveRecord: 0.0ms (0 queries, 0 cached) | GC: 0.0ms)


Started GET "/super_admin/dashboards" for ::1 at 2024-12-12 14:41:53 +0530
Processing by SuperAdmin::DashboardsController#index as HTML
  Rendering layout layouts/application.html.erb
  Rendering super_admin/dashboards/index.html.erb within layouts/application
  Rendered shared/_menubar.html.erb (Duration: 0.4ms | GC: 0.0ms)
  Rendered super_admin/dashboards/index.html.erb within layouts/application (Duration: 1.7ms | GC: 0.0ms)
  Rendered layout layouts/application.html.erb (Duration: 7.8ms | GC: 0.7ms)
Completed 200 OK in 10ms (Views: 9.1ms | ActiveRecord: 0.0ms (0 queries, 0 cached) | GC: 0.7ms)


Started GET "/manifest.json" for ::1 at 2024-12-12 14:41:53 +0530
Processing by Rails::PwaController#manifest as JSON
  Rendering pwa/manifest.json.erb
  Rendered pwa/manifest.json.erb (Duration: 0.5ms | GC: 0.0ms)
Completed 200 OK in 3ms (Views: 1.9ms | ActiveRecord: 0.0ms (0 queries, 0 cached) | GC: 0.0ms)


Started GET "/super_admin/dashboards" for ::1 at 2024-12-12 14:42:28 +0530
Processing by SuperAdmin::DashboardsController#index as HTML
  Rendering layout layouts/application.html.erb
  Rendering super_admin/dashboards/index.html.erb within layouts/application
  Rendered shared/_menubar.html.erb (Duration: 0.7ms | GC: 0.0ms)
  Rendered super_admin/dashboards/index.html.erb within layouts/application (Duration: 2.9ms | GC: 0.0ms)
  Rendered layout layouts/application.html.erb (Duration: 10.2ms | GC: 0.0ms)
Completed 200 OK in 13ms (Views: 11.5ms | ActiveRecord: 0.0ms (0 queries, 0 cached) | GC: 0.0ms)


Started GET "/manifest.json" for ::1 at 2024-12-12 14:42:28 +0530
Processing by Rails::PwaController#manifest as JSON
  Rendering pwa/manifest.json.erb
  Rendered pwa/manifest.json.erb (Duration: 0.5ms | GC: 0.0ms)
Completed 200 OK in 5ms (Views: 4.1ms | ActiveRecord: 0.0ms (0 queries, 0 cached) | GC: 0.0ms)


Started GET "/super_admin/dashboards" for ::1 at 2024-12-12 14:43:16 +0530
Processing by SuperAdmin::DashboardsController#index as HTML
  Rendering layout layouts/application.html.erb
  Rendering super_admin/dashboards/index.html.erb within layouts/application
  Rendered shared/_menubar.html.erb (Duration: 0.4ms | GC: 0.0ms)
  Rendered super_admin/dashboards/index.html.erb within layouts/application (Duration: 1.7ms | GC: 0.0ms)
  Rendered layout layouts/application.html.erb (Duration: 7.8ms | GC: 0.6ms)
Completed 200 OK in 11ms (Views: 9.2ms | ActiveRecord: 0.0ms (0 queries, 0 cached) | GC: 0.9ms)


Started GET "/manifest.json" for ::1 at 2024-12-12 14:43:17 +0530
Processing by Rails::PwaController#manifest as JSON
  Rendering pwa/manifest.json.erb
  Rendered pwa/manifest.json.erb (Duration: 0.5ms | GC: 0.0ms)
Completed 200 OK in 2ms (Views: 1.9ms | ActiveRecord: 0.0ms (0 queries, 0 cached) | GC: 0.0ms)


Started GET "/super_admin/dashboards" for ::1 at 2024-12-12 14:44:01 +0530
Processing by SuperAdmin::DashboardsController#index as HTML
  Rendering layout layouts/application.html.erb
  Rendering super_admin/dashboards/index.html.erb within layouts/application
  Rendered shared/_menubar.html.erb (Duration: 0.5ms | GC: 0.0ms)
  Rendered super_admin/dashboards/index.html.erb within layouts/application (Duration: 2.1ms | GC: 0.0ms)
  Rendered layout layouts/application.html.erb (Duration: 8.9ms | GC: 1.6ms)
Completed 200 OK in 14ms (Views: 10.2ms | ActiveRecord: 0.0ms (0 queries, 0 cached) | GC: 3.6ms)


Started GET "/manifest.json" for ::1 at 2024-12-12 14:44:01 +0530
Processing by Rails::PwaController#manifest as JSON
  Rendering pwa/manifest.json.erb
  Rendered pwa/manifest.json.erb (Duration: 0.5ms | GC: 0.0ms)
Completed 200 OK in 3ms (Views: 2.3ms | ActiveRecord: 0.0ms (0 queries, 0 cached) | GC: 0.0ms)


Started GET "/super_admin/dashboards" for ::1 at 2024-12-12 14:44:53 +0530
Processing by SuperAdmin::DashboardsController#index as HTML
  Rendering layout layouts/application.html.erb
  Rendering super_admin/dashboards/index.html.erb within layouts/application
  Rendered shared/_menubar.html.erb (Duration: 0.8ms | GC: 0.4ms)
  Rendered super_admin/dashboards/index.html.erb within layouts/application (Duration: 2.3ms | GC: 0.4ms)
  Rendered layout layouts/application.html.erb (Duration: 8.7ms | GC: 0.7ms)
Completed 200 OK in 11ms (Views: 10.0ms | ActiveRecord: 0.0ms (0 queries, 0 cached) | GC: 0.7ms)


Started GET "/manifest.json" for ::1 at 2024-12-12 14:44:53 +0530
Processing by Rails::PwaController#manifest as JSON
  Rendering pwa/manifest.json.erb
  Rendered pwa/manifest.json.erb (Duration: 0.3ms | GC: 0.0ms)
Completed 200 OK in 2ms (Views: 1.5ms | ActiveRecord: 0.0ms (0 queries, 0 cached) | GC: 0.0ms)


Started GET "/super_admin/dashboards" for ::1 at 2024-12-12 14:44:54 +0530
Processing by SuperAdmin::DashboardsController#index as HTML
  Rendering layout layouts/application.html.erb
  Rendering super_admin/dashboards/index.html.erb within layouts/application
  Rendered shared/_menubar.html.erb (Duration: 0.2ms | GC: 0.0ms)
  Rendered super_admin/dashboards/index.html.erb within layouts/application (Duration: 1.2ms | GC: 0.0ms)
  Rendered layout layouts/application.html.erb (Duration: 3.2ms | GC: 0.0ms)
Completed 200 OK in 5ms (Views: 3.6ms | ActiveRecord: 0.0ms (0 queries, 0 cached) | GC: 0.6ms)


Started GET "/manifest.json" for ::1 at 2024-12-12 14:44:54 +0530
Processing by Rails::PwaController#manifest as JSON
  Rendering pwa/manifest.json.erb
  Rendered pwa/manifest.json.erb (Duration: 0.1ms | GC: 0.0ms)
Completed 200 OK in 1ms (Views: 0.4ms | ActiveRecord: 0.0ms (0 queries, 0 cached) | GC: 0.0ms)


Started GET "/super_admin/dashboards" for ::1 at 2024-12-12 14:45:15 +0530
Processing by SuperAdmin::DashboardsController#index as HTML
  Rendering layout layouts/application.html.erb
  Rendering super_admin/dashboards/index.html.erb within layouts/application
  Rendered shared/_menubar.html.erb (Duration: 0.4ms | GC: 0.0ms)
  Rendered super_admin/dashboards/index.html.erb within layouts/application (Duration: 2.3ms | GC: 0.4ms)
  Rendered layout layouts/application.html.erb (Duration: 8.5ms | GC: 0.4ms)
Completed 200 OK in 11ms (Views: 10.1ms | ActiveRecord: 0.0ms (0 queries, 0 cached) | GC: 0.4ms)


Started GET "/manifest.json" for ::1 at 2024-12-12 14:45:15 +0530
Processing by Rails::PwaController#manifest as JSON
  Rendering pwa/manifest.json.erb
  Rendered pwa/manifest.json.erb (Duration: 0.4ms | GC: 0.0ms)
Completed 200 OK in 2ms (Views: 1.8ms | ActiveRecord: 0.0ms (0 queries, 0 cached) | GC: 0.0ms)


Started GET "/super_admin/dashboards" for ::1 at 2024-12-12 14:45:16 +0530
Processing by SuperAdmin::DashboardsController#index as HTML
  Rendering layout layouts/application.html.erb
  Rendering super_admin/dashboards/index.html.erb within layouts/application
  Rendered shared/_menubar.html.erb (Duration: 0.2ms | GC: 0.0ms)
  Rendered super_admin/dashboards/index.html.erb within layouts/application (Duration: 1.0ms | GC: 0.0ms)
  Rendered layout layouts/application.html.erb (Duration: 3.0ms | GC: 0.0ms)
Completed 200 OK in 4ms (Views: 3.4ms | ActiveRecord: 0.0ms (0 queries, 0 cached) | GC: 0.0ms)


Started GET "/manifest.json" for ::1 at 2024-12-12 14:45:16 +0530
Processing by Rails::PwaController#manifest as JSON
  Rendering pwa/manifest.json.erb
  Rendered pwa/manifest.json.erb (Duration: 0.2ms | GC: 0.0ms)
Completed 200 OK in 2ms (Views: 0.8ms | ActiveRecord: 0.0ms (0 queries, 0 cached) | GC: 0.0ms)


Started GET "/super_admin/dashboards" for ::1 at 2024-12-12 14:45:21 +0530
Processing by SuperAdmin::DashboardsController#index as HTML
  Rendering layout layouts/application.html.erb
  Rendering super_admin/dashboards/index.html.erb within layouts/application
  Rendered shared/_menubar.html.erb (Duration: 0.8ms | GC: 0.0ms)
  Rendered super_admin/dashboards/index.html.erb within layouts/application (Duration: 2.9ms | GC: 0.0ms)
  Rendered layout layouts/application.html.erb (Duration: 12.7ms | GC: 4.7ms)
Completed 200 OK in 16ms (Views: 14.1ms | ActiveRecord: 0.0ms (0 queries, 0 cached) | GC: 4.7ms)


Started GET "/manifest.json" for ::1 at 2024-12-12 14:45:21 +0530
Processing by Rails::PwaController#manifest as JSON
  Rendering pwa/manifest.json.erb
  Rendered pwa/manifest.json.erb (Duration: 0.5ms | GC: 0.0ms)
Completed 200 OK in 3ms (Views: 2.0ms | ActiveRecord: 0.0ms (0 queries, 0 cached) | GC: 0.0ms)


Started GET "/super_admin/products" for ::1 at 2024-12-12 14:46:04 +0530
Processing by SuperAdmin::ProductsController#index as HTML
  Rendering layout layouts/application.html.erb
  Rendering super_admin/products/index.html.erb within layouts/application
  Rendered shared/_menubar.html.erb (Duration: 0.2ms | GC: 0.0ms)
  Rendered super_admin/products/index.html.erb within layouts/application (Duration: 0.7ms | GC: 0.0ms)
  Rendered layout layouts/application.html.erb (Duration: 5.4ms | GC: 1.1ms)
Completed 200 OK in 8ms (Views: 6.3ms | ActiveRecord: 0.0ms (0 queries, 0 cached) | GC: 1.1ms)


Started GET "/manifest.json" for ::1 at 2024-12-12 14:46:04 +0530
Processing by Rails::PwaController#manifest as JSON
  Rendering pwa/manifest.json.erb
  Rendered pwa/manifest.json.erb (Duration: 0.1ms | GC: 0.0ms)
Completed 200 OK in 1ms (Views: 0.4ms | ActiveRecord: 0.0ms (0 queries, 0 cached) | GC: 0.0ms)


Started GET "/super_admin/products" for ::1 at 2024-12-12 14:46:55 +0530
Processing by SuperAdmin::ProductsController#index as HTML
  Rendering layout layouts/application.html.erb
  Rendering super_admin/products/index.html.erb within layouts/application
  Rendered shared/_menubar.html.erb (Duration: 1.1ms | GC: 0.5ms)
  Rendered super_admin/products/index.html.erb within layouts/application (Duration: 2.9ms | GC: 0.5ms)
  Rendered layout layouts/application.html.erb (Duration: 3.2ms | GC: 0.5ms)
Completed 500 Internal Server Error in 7ms (ActiveRecord: 0.0ms (0 queries, 0 cached) | GC: 0.5ms)


  
ActionView::Template::Error (undefined method `each' for nil:NilClass):

Causes:
NoMethodError (undefined method `each' for nil:NilClass)
    23:           </tr>
    24:         </thead>
    25:         <tbody>
    26:           <% @products.each do |product| %>
    27:             <tr class="fs-6">
    28:               <td><%= product.name %></td>
    29:               <td><%= product.size %></td>
  
app/views/super_admin/products/index.html.erb:26
Started GET "/super_admin/products" for ::1 at 2024-12-12 14:47:39 +0530
Processing by SuperAdmin::ProductsController#index as HTML
  Rendering layout layouts/application.html.erb
  Rendering super_admin/products/index.html.erb within layouts/application
  Rendered shared/_menubar.html.erb (Duration: 0.5ms | GC: 0.0ms)
  Rendered super_admin/products/index.html.erb within layouts/application (Duration: 2.0ms | GC: 0.0ms)
  Rendered layout layouts/application.html.erb (Duration: 2.2ms | GC: 0.0ms)
Completed 500 Internal Server Error in 5ms (ActiveRecord: 0.0ms (0 queries, 0 cached) | GC: 0.0ms)


  
ActionView::Template::Error (undefined method `each' for nil:NilClass):

Causes:
NoMethodError (undefined method `each' for nil:NilClass)
    23:           </tr>
    24:         </thead>
    25:         <tbody>
    26:           <% @products.each do |product| %>
    27:             <tr class="fs-6">
    28:               <td><%= product.name %></td>
    29:               <td><%= product.size %></td>
  
app/views/super_admin/products/index.html.erb:26
Started GET "/super_admin/products" for ::1 at 2024-12-12 14:48:12 +0530
Processing by SuperAdmin::ProductsController#index as HTML
  Rendering layout layouts/application.html.erb
  Rendering super_admin/products/index.html.erb within layouts/application
  Rendered shared/_menubar.html.erb (Duration: 0.4ms | GC: 0.0ms)
  [1m[36mProduct Load (74.4ms)[0m  [1m[34mSELECT `products`.* FROM `products`[0m
  ↳ app/views/super_admin/products/index.html.erb:26
  Rendered super_admin/products/index.html.erb within layouts/application (Duration: 78.9ms | GC: 0.0ms)
  Rendered layout layouts/application.html.erb (Duration: 79.2ms | GC: 0.0ms)
Completed 500 Internal Server Error in 104ms (ActiveRecord: 75.9ms (1 query, 0 cached) | GC: 0.1ms)


  
ActionView::Template::Error (Missing partial shared/_pagy with {:locale=>[:en], :formats=>[:html], :variants=>[], :handlers=>[:raw, :erb, :html, :builder, :ruby, :jbuilder]}.

Searched in:
  * "/Users/rvj/Desktop/projects/Food/app/views"
  * "/Users/rvj/.rvm/rubies/ruby-3.2.2/lib/ruby/gems/3.2.0/gems/turbo-rails-2.0.6/app/views"
  * "/Users/rvj/.rvm/rubies/ruby-3.2.2/lib/ruby/gems/3.2.0/gems/actiontext-7.2.1/app/views"
  * "/Users/rvj/.rvm/rubies/ruby-3.2.2/lib/ruby/gems/3.2.0/gems/actionmailbox-7.2.1/app/views"
):

Causes:
ActionView::MissingTemplate (Missing partial shared/_pagy with {:locale=>[:en], :formats=>[:html], :variants=>[], :handlers=>[:raw, :erb, :html, :builder, :ruby, :jbuilder]}.

Searched in:
  * "/Users/rvj/Desktop/projects/Food/app/views"
  * "/Users/rvj/.rvm/rubies/ruby-3.2.2/lib/ruby/gems/3.2.0/gems/turbo-rails-2.0.6/app/views"
  * "/Users/rvj/.rvm/rubies/ruby-3.2.2/lib/ruby/gems/3.2.0/gems/actiontext-7.2.1/app/views"
  * "/Users/rvj/.rvm/rubies/ruby-3.2.2/lib/ruby/gems/3.2.0/gems/actionmailbox-7.2.1/app/views"
)
    54:       </table>
    55: 
    56:     </div>
    57:     <%= render "shared/pagy" %>
    58:   </div>
    59: </div>
  
app/views/super_admin/products/index.html.erb:57
Started GET "/super_admin/products" for ::1 at 2024-12-12 14:48:32 +0530
Processing by SuperAdmin::ProductsController#index as HTML
  Rendering layout layouts/application.html.erb
  Rendering super_admin/products/index.html.erb within layouts/application
  Rendered shared/_menubar.html.erb (Duration: 1.4ms | GC: 0.0ms)
  [1m[36mProduct Load (0.4ms)[0m  [1m[34mSELECT `products`.* FROM `products`[0m
  ↳ app/views/super_admin/products/index.html.erb:26
  Rendered super_admin/products/index.html.erb within layouts/application (Duration: 4.8ms | GC: 0.0ms)
  Rendered layout layouts/application.html.erb (Duration: 13.2ms | GC: 0.3ms)
Completed 200 OK in 19ms (Views: 14.6ms | ActiveRecord: 0.3ms (1 query, 0 cached) | GC: 0.6ms)


Started GET "/manifest.json" for ::1 at 2024-12-12 14:48:32 +0530
Processing by Rails::PwaController#manifest as JSON
  Rendering pwa/manifest.json.erb
  Rendered pwa/manifest.json.erb (Duration: 0.4ms | GC: 0.0ms)
Completed 200 OK in 2ms (Views: 2.0ms | ActiveRecord: 0.0ms (0 queries, 0 cached) | GC: 0.0ms)


Started GET "/super_admin/products/new" for ::1 at 2024-12-12 14:48:37 +0530
Processing by SuperAdmin::ProductsController#new as HTML
  Rendering layout layouts/application.html.erb
  Rendering super_admin/products/new.html.erb within layouts/application
  Rendered super_admin/products/new.html.erb within layouts/application (Duration: 0.4ms | GC: 0.0ms)
  Rendered layout layouts/application.html.erb (Duration: 2.6ms | GC: 0.0ms)
Completed 200 OK in 4ms (Views: 3.0ms | ActiveRecord: 0.0ms (0 queries, 0 cached) | GC: 0.0ms)


Started GET "/manifest.json" for ::1 at 2024-12-12 14:48:37 +0530
Processing by Rails::PwaController#manifest as JSON
  Rendering pwa/manifest.json.erb
  Rendered pwa/manifest.json.erb (Duration: 0.1ms | GC: 0.0ms)
Completed 200 OK in 1ms (Views: 0.4ms | ActiveRecord: 0.0ms (0 queries, 0 cached) | GC: 0.0ms)


Started GET "/super_admin/products" for ::1 at 2024-12-12 14:51:00 +0530
Processing by SuperAdmin::ProductsController#index as HTML
  Rendering layout layouts/application.html.erb
  Rendering super_admin/products/index.html.erb within layouts/application
  Rendered shared/_menubar.html.erb (Duration: 0.7ms | GC: 0.0ms)
  [1m[36mProduct Load (0.6ms)[0m  [1m[34mSELECT `products`.* FROM `products`[0m
  ↳ app/views/super_admin/products/index.html.erb:26
  Rendered super_admin/products/index.html.erb within layouts/application (Duration: 4.7ms | GC: 0.0ms)
  Rendered layout layouts/application.html.erb (Duration: 10.8ms | GC: 0.5ms)
Completed 200 OK in 16ms (Views: 11.7ms | ActiveRecord: 0.5ms (1 query, 0 cached) | GC: 1.2ms)


Started GET "/manifest.json" for ::1 at 2024-12-12 14:51:00 +0530
Processing by Rails::PwaController#manifest as JSON
  Rendering pwa/manifest.json.erb
  Rendered pwa/manifest.json.erb (Duration: 0.6ms | GC: 0.0ms)
Completed 200 OK in 3ms (Views: 2.2ms | ActiveRecord: 0.0ms (0 queries, 0 cached) | GC: 0.0ms)


Started GET "/super_admin/products" for ::1 at 2024-12-12 14:51:28 +0530
Processing by SuperAdmin::ProductsController#index as HTML
  Rendering layout layouts/application.html.erb
  Rendering super_admin/products/index.html.erb within layouts/application
  Rendered shared/_menubar.html.erb (Duration: 0.4ms | GC: 0.0ms)
  [1m[36mProduct Load (0.4ms)[0m  [1m[34mSELECT `products`.* FROM `products`[0m
  ↳ app/views/super_admin/products/index.html.erb:26
  Rendered super_admin/products/index.html.erb within layouts/application (Duration: 2.9ms | GC: 0.0ms)
  Rendered layout layouts/application.html.erb (Duration: 8.9ms | GC: 0.3ms)
Completed 200 OK in 13ms (Views: 9.9ms | ActiveRecord: 0.4ms (1 query, 0 cached) | GC: 0.6ms)


Started GET "/manifest.json" for ::1 at 2024-12-12 14:51:28 +0530
Processing by Rails::PwaController#manifest as JSON
  Rendering pwa/manifest.json.erb
  Rendered pwa/manifest.json.erb (Duration: 0.4ms | GC: 0.0ms)
Completed 200 OK in 2ms (Views: 1.7ms | ActiveRecord: 0.0ms (0 queries, 0 cached) | GC: 0.0ms)


Started GET "/super_admin/products/new" for ::1 at 2024-12-12 14:51:29 +0530
Processing by SuperAdmin::ProductsController#new as HTML
  Rendering layout layouts/application.html.erb
  Rendering super_admin/products/new.html.erb within layouts/application
  Rendered super_admin/products/new.html.erb within layouts/application (Duration: 0.3ms | GC: 0.0ms)
  Rendered layout layouts/application.html.erb (Duration: 3.0ms | GC: 0.3ms)
Completed 200 OK in 4ms (Views: 3.4ms | ActiveRecord: 0.0ms (0 queries, 0 cached) | GC: 0.3ms)


Started GET "/manifest.json" for ::1 at 2024-12-12 14:51:29 +0530
Processing by Rails::PwaController#manifest as JSON
  Rendering pwa/manifest.json.erb
  Rendered pwa/manifest.json.erb (Duration: 0.1ms | GC: 0.0ms)
Completed 200 OK in 1ms (Views: 0.4ms | ActiveRecord: 0.0ms (0 queries, 0 cached) | GC: 0.0ms)


Started GET "/super_admin/products/new" for ::1 at 2024-12-12 14:51:34 +0530
Processing by SuperAdmin::ProductsController#new as HTML
  Rendering layout layouts/application.html.erb
  Rendering super_admin/products/new.html.erb within layouts/application
  Rendered super_admin/products/new.html.erb within layouts/application (Duration: 0.1ms | GC: 0.0ms)
  Rendered layout layouts/application.html.erb (Duration: 2.4ms | GC: 0.0ms)
Completed 200 OK in 5ms (Views: 2.9ms | ActiveRecord: 0.0ms (0 queries, 0 cached) | GC: 0.3ms)


Started GET "/manifest.json" for ::1 at 2024-12-12 14:51:34 +0530
Processing by Rails::PwaController#manifest as JSON
  Rendering pwa/manifest.json.erb
  Rendered pwa/manifest.json.erb (Duration: 0.2ms | GC: 0.0ms)
Completed 200 OK in 1ms (Views: 0.6ms | ActiveRecord: 0.0ms (0 queries, 0 cached) | GC: 0.0ms)


Started GET "/super_admin/products" for ::1 at 2024-12-12 14:51:37 +0530
Processing by SuperAdmin::ProductsController#index as HTML
  Rendering layout layouts/application.html.erb
  Rendering super_admin/products/index.html.erb within layouts/application
  Rendered shared/_menubar.html.erb (Duration: 0.1ms | GC: 0.0ms)
  [1m[36mProduct Load (1.1ms)[0m  [1m[34mSELECT `products`.* FROM `products`[0m
  ↳ app/views/super_admin/products/index.html.erb:26
  Rendered super_admin/products/index.html.erb within layouts/application (Duration: 2.5ms | GC: 0.0ms)
  Rendered layout layouts/application.html.erb (Duration: 4.7ms | GC: 0.0ms)
Completed 200 OK in 6ms (Views: 3.9ms | ActiveRecord: 1.1ms (1 query, 0 cached) | GC: 0.0ms)


Started GET "/manifest.json" for ::1 at 2024-12-12 14:51:37 +0530
Processing by Rails::PwaController#manifest as JSON
  Rendering pwa/manifest.json.erb
  Rendered pwa/manifest.json.erb (Duration: 0.1ms | GC: 0.0ms)
Completed 200 OK in 2ms (Views: 0.6ms | ActiveRecord: 0.0ms (0 queries, 0 cached) | GC: 0.0ms)


Started GET "/super_admin/products" for ::1 at 2024-12-12 14:52:09 +0530
Processing by SuperAdmin::ProductsController#index as HTML
  Rendering layout layouts/application.html.erb
  Rendering super_admin/products/index.html.erb within layouts/application
  Rendered shared/_menubar.html.erb (Duration: 0.7ms | GC: 0.0ms)
  [1m[36mProduct Load (0.4ms)[0m  [1m[34mSELECT `products`.* FROM `products`[0m
  ↳ app/views/super_admin/products/index.html.erb:26
  Rendered super_admin/products/index.html.erb within layouts/application (Duration: 4.0ms | GC: 0.0ms)
  Rendered layout layouts/application.html.erb (Duration: 9.5ms | GC: 0.2ms)
Completed 200 OK in 16ms (Views: 11.5ms | ActiveRecord: 0.4ms (1 query, 0 cached) | GC: 0.4ms)


Started GET "/manifest.json" for ::1 at 2024-12-12 14:52:09 +0530
Processing by Rails::PwaController#manifest as JSON
  Rendering pwa/manifest.json.erb
  Rendered pwa/manifest.json.erb (Duration: 0.4ms | GC: 0.0ms)
Completed 200 OK in 2ms (Views: 1.8ms | ActiveRecord: 0.0ms (0 queries, 0 cached) | GC: 0.0ms)


Started GET "/super_admin/products" for ::1 at 2024-12-12 14:52:10 +0530
Processing by SuperAdmin::ProductsController#index as HTML
  Rendering layout layouts/application.html.erb
  Rendering super_admin/products/index.html.erb within layouts/application
  Rendered shared/_menubar.html.erb (Duration: 0.1ms | GC: 0.0ms)
  [1m[36mProduct Load (0.3ms)[0m  [1m[34mSELECT `products`.* FROM `products`[0m
  ↳ app/views/super_admin/products/index.html.erb:26
  Rendered super_admin/products/index.html.erb within layouts/application (Duration: 1.5ms | GC: 0.0ms)
  Rendered layout layouts/application.html.erb (Duration: 3.7ms | GC: 0.0ms)
Completed 200 OK in 5ms (Views: 3.8ms | ActiveRecord: 0.3ms (1 query, 0 cached) | GC: 0.0ms)


Started GET "/manifest.json" for ::1 at 2024-12-12 14:52:10 +0530
Processing by Rails::PwaController#manifest as JSON
  Rendering pwa/manifest.json.erb
  Rendered pwa/manifest.json.erb (Duration: 0.1ms | GC: 0.0ms)
Completed 200 OK in 1ms (Views: 0.5ms | ActiveRecord: 0.0ms (0 queries, 0 cached) | GC: 0.0ms)


Started GET "/super_admin/products" for ::1 at 2024-12-12 14:52:42 +0530
Processing by SuperAdmin::ProductsController#index as HTML
  Rendering layout layouts/application.html.erb
  Rendering super_admin/products/index.html.erb within layouts/application
  Rendered shared/_menubar.html.erb (Duration: 0.2ms | GC: 0.0ms)
  [1m[36mProduct Load (0.3ms)[0m  [1m[34mSELECT `products`.* FROM `products`[0m
  ↳ app/views/super_admin/products/index.html.erb:26
  Rendered super_admin/products/index.html.erb within layouts/application (Duration: 2.1ms | GC: 0.0ms)
  Rendered layout layouts/application.html.erb (Duration: 4.5ms | GC: 0.0ms)
Completed 200 OK in 6ms (Views: 4.9ms | ActiveRecord: 0.3ms (1 query, 0 cached) | GC: 0.2ms)


Started GET "/manifest.json" for ::1 at 2024-12-12 14:52:42 +0530
Processing by Rails::PwaController#manifest as JSON
  Rendering pwa/manifest.json.erb
  Rendered pwa/manifest.json.erb (Duration: 0.1ms | GC: 0.0ms)
Completed 200 OK in 1ms (Views: 0.4ms | ActiveRecord: 0.0ms (0 queries, 0 cached) | GC: 0.0ms)


Started GET "/super_admin/products/new" for ::1 at 2024-12-12 14:52:46 +0530
Processing by SuperAdmin::ProductsController#new as HTML
  Rendering layout layouts/application.html.erb
  Rendering super_admin/products/new.html.erb within layouts/application
  Rendered super_admin/products/_form.html.erb (Duration: 0.9ms | GC: 0.2ms)
  Rendered super_admin/products/new.html.erb within layouts/application (Duration: 1.7ms | GC: 0.2ms)
  Rendered layout layouts/application.html.erb (Duration: 1.9ms | GC: 0.2ms)
Completed 500 Internal Server Error in 4ms (ActiveRecord: 0.0ms (0 queries, 0 cached) | GC: 0.2ms)


  
ActionView::Template::Error (undefined method `persisted?' for nil:NilClass):

Causes:
NoMethodError (undefined method `persisted?' for nil:NilClass)
    1: <%= simple_form_for @product, url: (@product.persisted? ? super_admin_product_path(@product) : super_admin_products_path) do |f| %>
    2:     <div class="card-body p-3 mt-1 fs-6 d-flex flex-column gap-3">
    3:       <%= f.input :name, required: true %>
    4:       <%= f.input :description, as: :text, input_html: { rows: 4 }, required: true %>
  
app/views/super_admin/products/_form.html.erb:1
app/views/super_admin/products/new.html.erb:5
Started GET "/super_admin/products/new" for ::1 at 2024-12-12 14:53:27 +0530
Processing by SuperAdmin::ProductsController#new as HTML
  Rendering layout layouts/application.html.erb
  Rendering super_admin/products/new.html.erb within layouts/application
  Rendered super_admin/products/_form.html.erb (Duration: 75.8ms | GC: 3.6ms)
  Rendered super_admin/products/new.html.erb within layouts/application (Duration: 76.7ms | GC: 3.6ms)
  Rendered layout layouts/application.html.erb (Duration: 81.2ms | GC: 3.9ms)
Completed 200 OK in 146ms (Views: 82.7ms | ActiveRecord: 49.7ms (0 queries, 0 cached) | GC: 7.8ms)


Started GET "/manifest.json" for ::1 at 2024-12-12 14:53:28 +0530
Processing by Rails::PwaController#manifest as JSON
  Rendering pwa/manifest.json.erb
  Rendered pwa/manifest.json.erb (Duration: 0.5ms | GC: 0.0ms)
Completed 200 OK in 3ms (Views: 1.9ms | ActiveRecord: 0.0ms (0 queries, 0 cached) | GC: 0.0ms)


Started GET "/super_admin/products/new" for ::1 at 2024-12-12 14:55:15 +0530
Processing by SuperAdmin::ProductsController#new as HTML
  Rendering layout layouts/application.html.erb
  Rendering super_admin/products/new.html.erb within layouts/application
  Rendered shared/_menubar.html.erb (Duration: 0.4ms | GC: 0.0ms)
  Rendered shared/_menubar.html.erb (Duration: 0.6ms | GC: 0.5ms)
  Rendered super_admin/products/_form.html.erb (Duration: 6.6ms | GC: 0.9ms)
  Rendered super_admin/products/new.html.erb within layouts/application (Duration: 7.4ms | GC: 0.9ms)
  Rendered layout layouts/application.html.erb (Duration: 13.8ms | GC: 1.5ms)
Completed 200 OK in 26ms (Views: 15.3ms | ActiveRecord: 3.4ms (0 queries, 0 cached) | GC: 1.7ms)


Started GET "/manifest.json" for ::1 at 2024-12-12 14:55:15 +0530
Processing by Rails::PwaController#manifest as JSON
  Rendering pwa/manifest.json.erb
  Rendered pwa/manifest.json.erb (Duration: 0.9ms | GC: 0.5ms)
Completed 200 OK in 3ms (Views: 2.2ms | ActiveRecord: 0.0ms (0 queries, 0 cached) | GC: 0.5ms)


Started GET "/super_admin/products/new" for ::1 at 2024-12-12 14:55:55 +0530
Processing by SuperAdmin::ProductsController#new as HTML
  Rendering layout layouts/application.html.erb
  Rendering super_admin/products/new.html.erb within layouts/application
  Rendered shared/_menubar.html.erb (Duration: 0.1ms | GC: 0.0ms)
  Rendered shared/_menubar.html.erb (Duration: 0.1ms | GC: 0.0ms)
  Rendered super_admin/products/_form.html.erb (Duration: 4.5ms | GC: 0.7ms)
  Rendered super_admin/products/new.html.erb within layouts/application (Duration: 4.8ms | GC: 0.7ms)
  Rendered layout layouts/application.html.erb (Duration: 6.8ms | GC: 0.7ms)
Completed 200 OK in 8ms (Views: 7.3ms | ActiveRecord: 0.0ms (0 queries, 0 cached) | GC: 0.7ms)


Started GET "/manifest.json" for ::1 at 2024-12-12 14:55:55 +0530
Processing by Rails::PwaController#manifest as JSON
  Rendering pwa/manifest.json.erb
  Rendered pwa/manifest.json.erb (Duration: 0.1ms | GC: 0.0ms)
Completed 200 OK in 1ms (Views: 0.4ms | ActiveRecord: 0.0ms (0 queries, 0 cached) | GC: 0.0ms)


Started GET "/super_admin/products/new" for ::1 at 2024-12-12 14:56:21 +0530
Processing by SuperAdmin::ProductsController#new as HTML
  Rendering layout layouts/application.html.erb
  Rendering super_admin/products/new.html.erb within layouts/application
  Rendered shared/_menubar.html.erb (Duration: 0.3ms | GC: 0.0ms)
  Rendered super_admin/products/_form.html.erb (Duration: 4.8ms | GC: 0.0ms)
  Rendered super_admin/products/new.html.erb within layouts/application (Duration: 5.7ms | GC: 0.0ms)
  Rendered layout layouts/application.html.erb (Duration: 10.0ms | GC: 0.0ms)
Completed 200 OK in 20ms (Views: 11.5ms | ActiveRecord: 2.9ms (0 queries, 0 cached) | GC: 0.0ms)


Started GET "/manifest.json" for ::1 at 2024-12-12 14:56:22 +0530
Processing by Rails::PwaController#manifest as JSON
  Rendering pwa/manifest.json.erb
  Rendered pwa/manifest.json.erb (Duration: 0.4ms | GC: 0.0ms)
Completed 200 OK in 2ms (Views: 1.5ms | ActiveRecord: 0.0ms (0 queries, 0 cached) | GC: 0.0ms)


Started GET "/super_admin/products" for ::1 at 2024-12-12 14:57:04 +0530
Processing by SuperAdmin::ProductsController#index as HTML
  Rendering layout layouts/application.html.erb
  Rendering super_admin/products/index.html.erb within layouts/application
  Rendered shared/_menubar.html.erb (Duration: 0.1ms | GC: 0.0ms)
  [1m[36mProduct Load (0.4ms)[0m  [1m[34mSELECT `products`.* FROM `products`[0m
  ↳ app/views/super_admin/products/index.html.erb:26
  Rendered super_admin/products/index.html.erb within layouts/application (Duration: 3.0ms | GC: 0.6ms)
  Rendered layout layouts/application.html.erb (Duration: 5.7ms | GC: 0.6ms)
Completed 200 OK in 8ms (Views: 5.8ms | ActiveRecord: 0.4ms (1 query, 0 cached) | GC: 0.6ms)


Started GET "/manifest.json" for ::1 at 2024-12-12 14:57:05 +0530
Processing by Rails::PwaController#manifest as JSON
  Rendering pwa/manifest.json.erb
  Rendered pwa/manifest.json.erb (Duration: 0.1ms | GC: 0.0ms)
Completed 200 OK in 1ms (Views: 0.4ms | ActiveRecord: 0.0ms (0 queries, 0 cached) | GC: 0.0ms)


  [1m[35m (5.4ms)[0m  [1m[34mSELECT GET_LOCK('3354834384647429460', 0)[0m
  [1m[36mActiveRecord::SchemaMigration Load (66.8ms)[0m  [1m[34mSELECT `schema_migrations`.`version` FROM `schema_migrations` ORDER BY `schema_migrations`.`version` ASC[0m
  [1m[36mActiveRecord::InternalMetadata Load (49.2ms)[0m  [1m[34mSELECT * FROM `ar_internal_metadata` WHERE `ar_internal_metadata`.`key` = 'environment' ORDER BY `ar_internal_metadata`.`key` ASC LIMIT 1[0m
  [1m[35m (2.7ms)[0m  [1m[34mSELECT RELEASE_LOCK('3354834384647429460')[0m
  [1m[36mActiveRecord::SchemaMigration Load (0.8ms)[0m  [1m[34mSELECT `schema_migrations`.`version` FROM `schema_migrations` ORDER BY `schema_migrations`.`version` ASC[0m
Started GET "/super_admin/products" for ::1 at 2024-12-12 15:14:16 +0530
  [1m[36mActiveRecord::SchemaMigration Load (28.3ms)[0m  [1m[34mSELECT `schema_migrations`.`version` FROM `schema_migrations` ORDER BY `schema_migrations`.`version` ASC[0m
Processing by SuperAdmin::ProductsController#index as HTML
  Rendering layout layouts/application.html.erb
  Rendering super_admin/products/index.html.erb within layouts/application
  Rendered shared/_menubar.html.erb (Duration: 0.8ms | GC: 0.0ms)
  [1m[36mProduct Load (91.9ms)[0m  [1m[34mSELECT `products`.* FROM `products`[0m
  ↳ app/views/super_admin/products/index.html.erb:26
  Rendered super_admin/products/index.html.erb within layouts/application (Duration: 96.9ms | GC: 0.6ms)
  Rendered layout layouts/application.html.erb (Duration: 222.7ms | GC: 0.9ms)
Completed 200 OK in 274ms (Views: 134.4ms | ActiveRecord: 93.1ms (1 query, 0 cached) | GC: 3.1ms)


Started GET "/manifest.json" for ::1 at 2024-12-12 15:14:16 +0530
Processing by Rails::PwaController#manifest as JSON
  Rendering pwa/manifest.json.erb
  Rendered pwa/manifest.json.erb (Duration: 0.6ms | GC: 0.0ms)
Completed 200 OK in 4ms (Views: 2.5ms | ActiveRecord: 0.0ms (0 queries, 0 cached) | GC: 0.0ms)


Started GET "/super_admin/products/new" for ::1 at 2024-12-12 15:14:24 +0530
Processing by SuperAdmin::ProductsController#new as HTML
  Rendering layout layouts/application.html.erb
  Rendering super_admin/products/new.html.erb within layouts/application
  Rendered shared/_menubar.html.erb (Duration: 0.1ms | GC: 0.0ms)
  Rendered super_admin/products/_form.html.erb (Duration: 25.7ms | GC: 0.0ms)
  Rendered super_admin/products/new.html.erb within layouts/application (Duration: 26.6ms | GC: 0.0ms)
  Rendered layout layouts/application.html.erb (Duration: 28.9ms | GC: 0.0ms)
Completed 200 OK in 85ms (Views: 29.5ms | ActiveRecord: 46.5ms (0 queries, 0 cached) | GC: 0.0ms)


Started GET "/manifest.json" for ::1 at 2024-12-12 15:14:24 +0530
Processing by Rails::PwaController#manifest as JSON
  Rendering pwa/manifest.json.erb
  Rendered pwa/manifest.json.erb (Duration: 0.2ms | GC: 0.0ms)
Completed 200 OK in 1ms (Views: 0.6ms | ActiveRecord: 0.0ms (0 queries, 0 cached) | GC: 0.0ms)


Started GET "/super_admin/products" for ::1 at 2024-12-12 15:15:26 +0530
Processing by SuperAdmin::ProductsController#index as HTML
  Rendering layout layouts/application.html.erb
  Rendering super_admin/products/index.html.erb within layouts/application
  Rendered shared/_menubar.html.erb (Duration: 0.2ms | GC: 0.0ms)
  [1m[36mProduct Load (0.4ms)[0m  [1m[34mSELECT `products`.* FROM `products`[0m
  ↳ app/views/super_admin/products/index.html.erb:26
  Rendered super_admin/products/index.html.erb within layouts/application (Duration: 2.0ms | GC: 0.0ms)
  Rendered layout layouts/application.html.erb (Duration: 5.0ms | GC: 0.0ms)
Completed 200 OK in 7ms (Views: 5.1ms | ActiveRecord: 0.3ms (1 query, 0 cached) | GC: 0.0ms)


Started GET "/manifest.json" for ::1 at 2024-12-12 15:15:26 +0530
Processing by Rails::PwaController#manifest as JSON
  Rendering pwa/manifest.json.erb
  Rendered pwa/manifest.json.erb (Duration: 0.1ms | GC: 0.0ms)
Completed 200 OK in 1ms (Views: 0.4ms | ActiveRecord: 0.0ms (0 queries, 0 cached) | GC: 0.0ms)


Started GET "/super_admin/products" for ::1 at 2024-12-12 15:17:44 +0530
Processing by SuperAdmin::ProductsController#index as HTML
  Rendering layout layouts/application.html.erb
  Rendering super_admin/products/index.html.erb within layouts/application
  Rendered shared/_menubar.html.erb (Duration: 0.4ms | GC: 0.0ms)
  [1m[36mProduct Load (0.4ms)[0m  [1m[34mSELECT `products`.* FROM `products`[0m
  ↳ app/views/super_admin/products/index.html.erb:26
  Rendered super_admin/products/index.html.erb within layouts/application (Duration: 3.5ms | GC: 0.4ms)
  Rendered layout layouts/application.html.erb (Duration: 10.9ms | GC: 0.9ms)
Completed 200 OK in 15ms (Views: 12.0ms | ActiveRecord: 0.4ms (1 query, 0 cached) | GC: 0.9ms)


Started GET "/manifest.json" for ::1 at 2024-12-12 15:17:45 +0530
Processing by Rails::PwaController#manifest as JSON
  Rendering pwa/manifest.json.erb
  Rendered pwa/manifest.json.erb (Duration: 0.5ms | GC: 0.0ms)
Completed 200 OK in 2ms (Views: 1.6ms | ActiveRecord: 0.0ms (0 queries, 0 cached) | GC: 0.0ms)


